,Compound ID,ESOL predicted log solubility in mols per litre,Minimum Degree,Molecular Weight,Number of H-Bond Donors,Number of Rings,Number of Rotatable Bonds,Polar Surface Area,measured log solubility in mols per litre,smiles,cano_smiles
0,Fenfuram,-2.885,1,201.225,1,2,2,42.24,-3.3,Cc1occc1C(=O)Nc2ccccc2,Cc1occc1C(=O)Nc1ccccc1
1,citral,-2.579,1,152.237,0,0,4,17.07,-2.06,CC(C)=CCCC(C)=CC(=O),CC(C)=CCCC(C)=CC=O
2,Picene,-6.6179999999999986,2,278.35400000000004,0,5,0,0.0,-7.87,c1ccc2c(c1)ccc3c2ccc4c5ccccc5ccc43,c1ccc2c(c1)ccc1c2ccc2c3ccccc3ccc21
3,Thiophene,-2.232,2,84.14299999999999,0,1,0,0.0,-1.33,c1ccsc1,c1ccsc1
4,benzothiazole,-2.733,2,135.191,0,2,0,12.89,-1.5,c2ccc1scnc1c2 ,c1ccc2scnc2c1
5,"2,2,4,6,6'-PCB",-6.545,1,326.437,0,2,1,0.0,-7.32,Clc1cc(Cl)c(c(Cl)c1)c2c(Cl)cccc2Cl,Clc1cc(Cl)c(-c2c(Cl)cccc2Cl)c(Cl)c1
6,Estradiol,-4.138,1,272.388,2,4,0,40.46,-5.03,CC12CCC3C(CCc4cc(O)ccc34)C2CCC1O,CC12CCC3c4ccc(O)cc4CCC3C1CCC2O
7,Dieldrin,-4.533,1,380.913,0,5,0,12.53,-6.29,ClC4=C(Cl)C5(Cl)C3C1CC(C2OC12)C3C4(Cl)C5(Cl)Cl,ClC1=C(Cl)C2(Cl)C3C4CC(C5OC45)C3C1(Cl)C2(Cl)Cl
8,Rotenone,-5.246,1,394.4230000000002,0,5,3,63.22,-4.42,COc5cc4OCC3Oc2c1CC(Oc1ccc2C(=O)C3c4cc5OC)C(C)=C ,C=C(C)C1Cc2c(ccc3c2OC2COc4cc(OC)c(OC)cc4C2C3=O)O1
9,2-pyrrolidone,0.243,1,85.10600000000002,1,1,0,29.1,1.07,O=C1CCCN1,O=C1CCCN1
10,Primidone,-1.897,1,218.25599999999997,2,2,2,58.2,-2.64,CCC1(C(=O)NCNC1=O)c2ccccc2,CCC1(c2ccccc2)C(=O)NCNC1=O
11,2-Methylbutanol,-1.027,1,88.14999999999998,1,0,2,20.23,-0.47,CCC(C)CO,CCC(C)CO
12,Benzonitrile,-2.03,1,103.12399999999997,0,1,0,23.79,-1.0,N#Cc1ccccc1,N#Cc1ccccc1
13,Diazinon,-3.989,1,304.3520000000001,0,1,7,53.47,-3.64,CCOP(=S)(OCC)Oc1cc(C)nc(n1)C(C)C,CCOP(=S)(OCC)Oc1cc(C)nc(C(C)C)n1
14,"2,2',3,4,6-PCB",-6.627000000000002,1,326.437,0,2,1,0.0,-7.43,Clc1ccc(c(Cl)c1)c2c(Cl)ccc(Cl)c2Cl ,Clc1ccc(-c2c(Cl)ccc(Cl)c2Cl)c(Cl)c1
15,Lenacil,-3.355,1,234.29899999999995,1,3,1,54.86,-4.5939999999999985,O=c2[nH]c1CCCc1c(=O)n2C3CCCCC3,O=c1[nH]c2c(c(=O)n1C1CCCCC1)CCC2
16,Phorate,-3.747,1,260.386,0,0,8,18.46,-4.11,CCOP(=S)(OCC)SCSCC,CCOP(=S)(OCC)SCSCC
17,Phenacetin,-2.342,1,179.21900000000002,1,1,3,38.33,-2.35,CCOc1ccc(NC(=O)C)cc1,CCOc1ccc(NC(C)=O)cc1
18,Dinitramine,-4.479,1,322.243,1,1,5,115.54000000000002,-5.47,CCN(CC)c1c(cc(c(N)c1N(=O)=O)C(F)(F)F)N(=O)=O,CCN(CC)c1c([N+](=O)[O-])cc(C(F)(F)F)c(N)c1[N+](=O)[O-]
19,1-Heptanol,-1.751,1,116.204,1,0,5,20.23,-1.81,CCCCCCCO,CCCCCCCO
20,Theophylline,-1.452,1,180.167,1,2,0,72.68,-1.39,Cn1c(=O)n(C)c2nc[nH]c2c1=O,Cn1c(=O)c2[nH]cnc2n(C)c1=O
21,Butethal,-1.974,1,212.24900000000002,2,1,4,75.27000000000002,-1.661,CCCCC1(CC)C(=O)NC(=O)NC1=O,CCCCC1(CC)C(=O)NC(=O)NC1=O
22,"P,P'-DDE",-6.553,1,318.0300000000001,0,2,2,0.0,-6.9,ClC(Cl)=C(c1ccc(Cl)cc1)c2ccc(Cl)cc2,ClC(Cl)=C(c1ccc(Cl)cc1)c1ccc(Cl)cc1
23,"1,4-Diethylbenzene ",-3.633,1,134.22199999999998,0,1,2,0.0,-3.75,CCc1ccc(CC)cc1,CCc1ccc(CC)cc1
24,Phenmedipham,-4.229,1,300.314,2,2,3,76.66,-4.805,COC(=O)Nc1cccc(OC(=O)Nc2cccc(C)c2)c1,COC(=O)Nc1cccc(OC(=O)Nc2cccc(C)c2)c1
25,"1,1-Dichloroethylene",-1.939,1,96.944,0,0,0,0.0,-1.64,ClC(=C)Cl,C=C(Cl)Cl
26,1-Methylfluorene,-4.478,1,180.25000000000003,0,3,0,0.0,-5.22,Cc1cccc2c1Cc3ccccc32,Cc1cccc2c1Cc1ccccc1-2
27,Valeraldehyde,-1.103,1,86.13399999999999,0,0,3,17.07,-0.85,CCCCC=O,CCCCC=O
28,Diphenylamine,-3.857,2,169.227,1,2,2,12.03,-3.504,N(c1ccccc1)c2ccccc2,c1ccc(Nc2ccccc2)cc1
29,Fenothiocarb,-3.297,1,253.36700000000002,0,1,6,29.540000000000006,-3.927,CN(C)C(=O)SCCCCOc1ccccc1,CN(C)C(=O)SCCCCOc1ccccc1
30,1-Iodoheptane,-3.904,1,226.101,0,0,5,0.0,-4.81,CCCCCCCI,CCCCCCCI
31,3-Chlorobiphenyl,-4.685,1,188.657,0,2,1,0.0,-4.88,c1c(Cl)cccc1c2ccccc2,Clc1cccc(-c2ccccc2)c1
32,Cyclobutyl-5-spirobarbituric acid,-0.527,1,168.15200000000004,2,2,0,75.27,-1.655,O=C2NC(=O)C1(CCC1)C(=O)N2,O=C1NC(=O)C2(CCC2)C(=O)N1
33,menthol,-2.782,1,156.269,1,1,1,20.23,-2.53,CC(C)C1CCC(C)CC1O ,CC1CCC(C(C)C)C(O)C1
34,Isopropyl formate,-0.684,1,88.10600000000001,0,0,2,26.3,-0.63,CC(C)OC=O,CC(C)OC=O
35,2-Heptanol ,-1.6780000000000002,1,116.20399999999998,1,0,4,20.23,-1.55,CCCCCC(C)O,CCCCCC(C)O
36,p-Bromoacetanilide,-3.012,1,214.062,1,1,1,29.1,-3.083,CC(=O)Nc1ccc(Br)cc1,CC(=O)Nc1ccc(Br)cc1
37,1-Octyne ,-2.509,1,110.2,0,0,4,0.0,-3.66,CCCCCCC#C,C#CCCCCCC
38,cyclobarbital,-2.421,1,236.27099999999996,2,2,2,75.27000000000002,-2.17,CCC1(C(=O)NC(=O)NC1=O)C2=CCCCC2 ,CCC1(C2=CCCCC2)C(=O)NC(=O)NC1=O
39,Chrysene,-5.568,2,228.294,0,4,0,0.0,-8.057,c1ccc2c(c1)ccc3c4ccccc4ccc23,c1ccc2c(c1)ccc1c3ccccc3ccc21
40,Bromacil,-3.419,1,261.119,1,1,2,54.86,-2.523,CCC(C)n1c(=O)[nH]c(C)c(Br)c1=O ,CCC(C)n1c(=O)[nH]c(C)c(Br)c1=O
41,"2,2',3,3',5,6-PCB",-7.185,1,360.88200000000006,0,2,1,0.0,-8.6,Clc1cccc(c1Cl)c2c(Cl)c(Cl)cc(Cl)c2Cl ,Clc1cccc(-c2c(Cl)c(Cl)cc(Cl)c2Cl)c1Cl
42,2-Methylphenol,-2.281,1,108.14,1,1,0,20.23,-0.62,Cc1ccccc1O,Cc1ccccc1O
43,"2,2,5-Trimethylhexane",-3.631,1,128.259,0,0,2,0.0,-5.05,CC(C)CCC(C)(C)C,CC(C)CCC(C)(C)C
44,"1,4-Dimethylnaphthalene ",-4.147,1,156.22799999999998,0,2,0,0.0,-4.14,Cc1ccc(C)c2ccccc12,Cc1ccc(C)c2ccccc12
45,6-Methylchrysene,-5.931,1,242.321,0,4,0,0.0,-6.57,Cc1cc2c3ccccc3ccc2c4ccccc14,Cc1cc2c3ccccc3ccc2c2ccccc12
46,2-Pentanone,-0.846,1,86.13399999999999,0,0,2,17.07,-0.19,CCCC(=O)C,CCCC(C)=O
47,"2,2',3,3',5,5',6,6'-PCB",-8.304,1,429.77200000000016,0,2,1,0.0,-9.15,Clc1cc(Cl)c(Cl)c(c1Cl)c2c(Cl)c(Cl)cc(Cl)c2Cl ,Clc1cc(Cl)c(Cl)c(-c2c(Cl)c(Cl)cc(Cl)c2Cl)c1Cl
48,Methyl butyrate,-1.545,1,116.15999999999998,0,0,3,26.3,-0.82,CCCOC(=O)CC,CCCOC(=O)CC
49,Triamcinolone,-2.734,1,394.43900000000014,4,4,2,115.06000000000002,-3.68,CC34CC(O)C1(F)C(CCC2=CC(=O)C=CC12C)C3CC(O)C4(O)C(=O)CO,CC12C=CC(=O)C=C1CCC1C3CC(O)C(O)(C(=O)CO)C3(C)CC(O)C12F
50,Benznidazole,-2.321,1,260.253,1,2,5,90.06,-2.81,O=C(Cn1ccnc1N(=O)=O)NCc2ccccc2,O=C(Cn1ccnc1[N+](=O)[O-])NCc1ccccc1
51,Pyrazinamide,-0.674,1,123.11499999999998,1,1,1,68.87,-0.667,NC(=O)c1cnccn1,NC(=O)c1cnccn1
52,Carbromal,-2.198,1,237.097,2,0,3,72.19,-2.68,CCC(Br)(CC)C(=O)NC(N)=O,CCC(Br)(CC)C(=O)NC(N)=O
53,nitrofurantoin,-1.243,1,238.159,1,2,3,118.04999999999998,-3.38,O=C2CN(N=Cc1ccc(o1)N(=O)=O)C(=O)N2 ,O=C1CN(N=Cc2ccc([N+](=O)[O-])o2)C(=O)N1
54,Nitrofen,-5.3610000000000015,1,284.098,0,2,3,52.37,-5.46,Clc2ccc(Oc1ccc(cc1)N(=O)=O)c(Cl)c2,O=[N+]([O-])c1ccc(Oc2ccc(Cl)cc2Cl)cc1
55,Camphor,-2.158,1,152.237,0,2,0,17.07,-1.96,CC1(C)C2CCC1(C)C(=O)C2,CC12CCC(CC1=O)C2(C)C
56,5-Allyl-5-phenylbarbital,-2.36,1,244.25,2,2,3,75.27000000000002,-2.369,O=C1NC(=O)NC(=O)C1(CC=C)c1ccccc1,C=CCC1(c2ccccc2)C(=O)NC(=O)NC1=O
57,Pentyl propanoate,-1.899,1,130.18699999999998,0,0,4,26.3,-2.25,CCCCC(=O)OCC,CCCCC(=O)OCC
58,Isopentyl acetate,-1.817,1,130.18699999999998,0,0,3,26.3,-1.92,CC(C)CCOC(=O)C,CC(=O)OCCC(C)C
59,3-Hexanoyloxymethylphenyltoin,-4.1530000000000005,1,380.444,1,3,8,75.71,-5.886,O=C1N(COC(=O)CCCCC)C(=O)C(N1)(c2ccccc2)c3ccccc3,CCCCCC(=O)OCN1C(=O)NC(c2ccccc2)(c2ccccc2)C1=O
60,"2,3',5-PCB",-5.7620000000000005,1,257.547,0,2,1,0.0,-6.01,Clc1cccc(c1)c2cc(Cl)ccc2Cl ,Clc1cccc(-c2cc(Cl)ccc2Cl)c1
61,1-Bromopropane,-1.949,1,122.993,0,0,1,0.0,-1.73,CCCBr,CCCBr
62,Propiconazole,-4.603,1,342.2260000000001,0,3,5,49.17,-3.4930000000000003,CCCC1COC(Cn2cncn2)(O1)c3ccc(Cl)cc3Cl,CCCC1COC(Cn2cncn2)(c2ccc(Cl)cc2Cl)O1
63,Formothion,-2.087,1,257.273,0,0,6,55.84,-1.995,COP(=S)(OC)SCC(=O)N(C)C=O,COP(=S)(OC)SCC(=O)N(C)C=O
64,4-methylpteridine,-1.24,1,146.15299999999996,0,2,0,51.56,-0.466,Cc1ncnc2nccnc12,Cc1ncnc2nccnc12
65,Thiourea,0.329,1,76.12400000000002,2,0,0,52.04,0.32,NC(=S)N,NC(N)=S
66,p-Xylene ,-3.035,1,106.168,0,1,0,0.0,-2.77,Cc1ccc(C)cc1,Cc1ccc(C)cc1
67,Flucythrinate,-6.877999999999999,1,451.46900000000005,0,3,9,68.55000000000001,-6.876,CC(C)C(C(=O)OC(C#N)c1cccc(Oc2ccccc2)c1)c3ccc(OC(F)F)cc3,CC(C)C(C(=O)OC(C#N)c1cccc(Oc2ccccc2)c1)c1ccc(OC(F)F)cc1
68,1-Nitropropane,-0.816,1,89.09399999999998,0,0,2,43.14,-0.8,CCCN(=O)=O,CCC[N+](=O)[O-]
69,Menthone,-2.516,1,154.253,0,1,1,17.07,-2.35,CC(C)C1CCC(C)CC1=O,CC1CCC(C(C)C)C(=O)C1
70,"2,3-Dichloronitrobenzene",-3.322,1,192.00100000000003,0,1,1,43.14,-3.48,O=N(=O)c1c(Cl)c(Cl)ccc1,O=[N+]([O-])c1cccc(Cl)c1Cl
71,Fluoranthene,-4.957,2,202.256,0,4,0,0.0,-6.0,c1ccc2c(c1)c3cccc4cccc2c34,c1ccc2c(c1)-c1cccc3cccc-2c13
72,Propylisopropylether,-1.354,1,102.17699999999998,0,0,3,9.23,-1.34,CCCOC(C)C,CCCOC(C)C
73,diethylstilbestrol,-5.074,1,268.356,2,2,4,40.46,-4.07,CCC(=C(CC)c1ccc(O)cc1)c2ccc(O)cc2 ,CCC(=C(CC)c1ccc(O)cc1)c1ccc(O)cc1
74,Chlorothalonil,-3.995,1,265.914,0,1,0,47.58,-5.64,c1(C#N)c(Cl)c(C#N)c(Cl)c(Cl)c(Cl)1,N#Cc1c(Cl)c(Cl)c(Cl)c(C#N)c1Cl
75,"2,3',4',5-PCB",-6.312,1,291.992,0,2,1,0.0,-7.25,Clc1ccc(Cl)c(c1)c2ccc(Cl)c(Cl)c2,Clc1ccc(Cl)c(-c2ccc(Cl)c(Cl)c2)c1
76,styrene oxide,-1.826,2,120.15099999999997,0,2,1,12.53,-1.6,C1OC1c2ccccc2 ,c1ccc(C2CO2)cc1
77,Isopropylbenzene ,-3.265,1,120.19499999999996,0,1,1,0.0,-3.27,CC(C)c1ccccc1,CC(C)c1ccccc1
78,Deoxycorticosterone,-3.939,1,330.46800000000013,1,4,2,54.37000000000001,-3.45,CC12CCC3C(CCC4=CC(=O)CCC34C)C2CCC1C(=O)CO,CC12CCC(=O)C=C1CCC1C2CCC2(C)C(C(=O)CO)CCC12
79,L-arabinose,0.601,1,150.13,4,1,0,90.15,0.39,C1OC(O)C(O)C(O)C1O,OC1COC(O)C(O)C1O
80,1-Ethylnaphthalene ,-4.1,1,156.22799999999995,0,2,1,0.0,-4.17,CCc1cccc2ccccc12,CCc1cccc2ccccc12
81,Methyl formate,-0.048,1,60.05200000000001,0,0,1,26.3,0.58,COC=O,COC=O
82,o-Nitrophenol,-2.318,1,139.11,1,1,1,63.37,-1.74,Oc1ccccc1N(=O)=O,O=[N+]([O-])c1ccccc1O
83,thymine,-0.78,1,126.115,2,1,0,65.72,-1.506,Cc1c[nH]c(=O)[nH]c1=O ,Cc1c[nH]c(=O)[nH]c1=O
84,Niclosamide,-5.032,1,327.1230000000001,2,2,3,92.47,-4.7,Oc1ccc(Cl)cc1C(=O)Nc2ccc(cc2Cl)N(=O)=O,O=C(Nc1ccc([N+](=O)[O-])cc1Cl)c1cc(Cl)ccc1O
85,Pentane,-2.261,1,72.15100000000001,0,0,2,0.0,-3.18,CCCCC,CCCCC
86,2-aminoanthracene,-3.789,1,193.24900000000002,1,3,0,26.02,-5.17,Nc3ccc2cc1ccccc1cc2c3 ,Nc1ccc2cc3ccccc3cc2c1
87,theobromine,-1.05,1,180.167,1,2,0,72.68,-2.523,Cn1cnc2n(C)c(=O)[nH]c(=O)c12 ,Cn1cnc2c1c(=O)[nH]c(=O)n2C
88,Isoquinoline,-2.531,2,129.16199999999998,0,2,0,12.89,-1.45,c1ccc2cnccc2c1,c1ccc2cnccc2c1
89,Anilofos,-5.106,1,367.86,0,1,7,38.77,-4.432,COP(=S)(OC)SCC(=O)N(C(C)C)c1ccc(Cl)cc1,COP(=S)(OC)SCC(=O)N(c1ccc(Cl)cc1)C(C)C
90,Hexylbenzene ,-4.22,1,162.276,0,1,5,0.0,-5.21,CCCCCCc1ccccc1,CCCCCCc1ccccc1
91,2-Chlorobiphenyl,-4.5280000000000005,1,188.657,0,2,1,0.0,-4.54,Clc1ccccc1c2ccccc2,Clc1ccccc1-c1ccccc1
92,2-Methyl-1-Pentene,-2.3480000000000003,1,84.16199999999998,0,0,2,0.0,-3.03,CCCC(=C)C,C=C(C)CCC
93,"2,3,4-Trimethylpentane",-3.276,1,114.232,0,0,2,0.0,-4.8,CC(C)C(C)C(C)C,CC(C)C(C)C(C)C
94,Pentachlorobenzene,-5.167999999999998,1,250.33900000000003,0,1,0,0.0,-5.65,Clc1cc(Cl)c(Cl)c(Cl)c1Cl,Clc1cc(Cl)c(Cl)c(Cl)c1Cl
95,m-Nitrophenol,-2.318,1,139.11,1,1,1,63.37,-1.01,Oc1cccc(c1)N(=O)=O,O=[N+]([O-])c1cccc(O)c1
96,1-Decene,-3.781,1,140.26999999999998,0,0,7,0.0,-5.51,CCCCCCCCC=C,C=CCCCCCCCC
97,Cyfluthrin,-6.84,1,434.29400000000015,0,3,6,59.32000000000001,-7.3370000000000015,CC1(C)C(C=C(Cl)Cl)C1C(=O)OC(C#N)c2ccc(F)c(Oc3ccccc3)c2,CC1(C)C(C=C(Cl)Cl)C1C(=O)OC(C#N)c1ccc(F)c(Oc2ccccc2)c1
98,Pyridine,-1.481,2,79.10199999999998,0,1,0,12.89,0.76,c1ccncc1,c1ccncc1
99,1-Bromoheptane,-3.366,1,179.101,0,0,5,0.0,-4.43,CCCCCCCBr,CCCCCCCBr
100,"3,4-Dimethylpyridine",-2.067,1,107.156,0,1,0,12.89,0.36,Cc1ccncc1C,Cc1ccncc1C
101,Fludrocortisone,-3.172,1,380.4560000000001,3,4,2,94.83,-3.43,CC34CC(O)C1(F)C(CCC2=CC(=O)CCC12C)C3CCC4(O)C(=O)CO ,CC12CCC(=O)C=C1CCC1C3CCC(O)(C(=O)CO)C3(C)CC(O)C12F
102,ethiofencarb,-2.855,1,225.313,1,1,4,38.33,-2.09,CCSCc1ccccc1OC(=O)NC ,CCSCc1ccccc1OC(=O)NC
103,Malonic acid diethylester,-1.413,1,160.16899999999995,0,0,4,52.60000000000001,-0.82,CCOC(=O)CC(=O)OCC,CCOC(=O)CC(=O)OCC
104,d-Limonene,-3.429,1,136.238,0,1,1,0.0,-4.26,CC1=CCC(CC1)C(C)=C,C=C(C)C1CC=C(C)CC1
105,Indan,-3.057,2,118.17899999999996,0,2,0,0.0,-3.04,C1Cc2ccccc2C1,c1ccc2c(c1)CCC2
106,p-t-Butylphenol,-3.192,1,150.22099999999998,1,1,0,20.23,-2.41,CC(C)(C)c1ccc(O)cc1,CC(C)(C)c1ccc(O)cc1
107,Cyclopropyl-5-spirobarbituric acid,-0.08800000000000001,1,154.125,2,2,0,75.27,-1.886,O=C2NC(=O)C1(CC1)C(=O)N2 ,O=C1NC(=O)C2(CC2)C(=O)N1
108,m-Chloroiodobenzene,-4.384,1,238.455,0,1,0,0.0,-3.55,Clc1cccc(I)c1,Clc1cccc(I)c1
109,1-Bromonapthalene,-4.434,1,207.07,0,2,0,0.0,-4.35,Brc1cccc2ccccc12,Brc1cccc2ccccc12
110,trans-2-Pentene ,-2.076,1,70.135,0,0,1,0.0,-2.54,CC/C=C/C,C/C=C/CC
111,Trichloroethylene,-2.312,1,131.389,0,0,0,0.0,-1.96,ClC=C(Cl)Cl,ClC=C(Cl)Cl
112,1-Napthylamine,-2.721,1,143.189,1,2,0,26.02,-1.92,Nc1cccc2ccccc12,Nc1cccc2ccccc12
113,m-Xylene ,-3.035,1,106.168,0,1,0,0.0,-2.82,Cc1cccc(C)c1,Cc1cccc(C)c1
114,2-hydroxypteridine,-1.404,1,148.125,1,2,0,71.79,-1.947,Oc2ncc1nccnc1n2,Oc1ncc2nccnc2n1
115,Methanol,0.441,1,32.042,1,0,0,20.23,1.57,CO,CO
116,Amobarbital,-2.312,1,226.276,2,1,4,75.27000000000002,-2.468,CCC1(CCC(C)C)C(=O)NC(=O)NC1=O,CCC1(CCC(C)C)C(=O)NC(=O)NC1=O
117,2-Butanone,-0.491,1,72.107,0,0,1,17.07,0.52,CCC(=O)C,CCC(C)=O
118,tubercidin,-0.892,1,266.257,4,3,2,126.65,-1.95,Nc1ncnc2n(ccc12)C3OC(CO)C(O)C3O ,Nc1ncnc2c1ccn2C1OC(CO)C(O)C1O
119,"1,3-Benzenediol",-1.59,1,110.11199999999998,2,1,0,40.46,0.81,Oc1cccc(O)c1,Oc1cccc(O)c1
120,1-Hexanol,-1.3969999999999998,1,102.177,1,0,4,20.23,-1.24,CCCCCCO,CCCCCCO
121,1-Chloropentane,-2.294,1,106.596,0,0,3,0.0,-2.73,CCCCCCl,CCCCCCl
122,"1,3-Butadiene",-1.376,1,54.09199999999999,0,0,1,0.0,-1.87,C=CC=C,C=CC=C
123,Propyl acetate,-1.125,1,102.13299999999998,0,0,2,26.3,-0.72,CCCOC(=O)C,CCCOC(C)=O
124,"5,6,7,8-tetrahydro-2-naphthol",-3.0860000000000003,1,148.205,1,2,0,20.23,-1.99,Oc2ccc1CCCCc1c2 ,Oc1ccc2c(c1)CCCC2
125,chloroacetamide,-0.106,1,93.51299999999999,1,0,1,43.09,-0.02,NC(=O)CCl ,NC(=O)CCl
126,Iodofenphos,-6.148,1,413.0,0,1,4,27.69,-6.62,COP(=S)(OC)Oc1cc(Cl)c(I)cc1Cl,COP(=S)(OC)Oc1cc(Cl)c(I)cc1Cl
127,4-Chlorotoluene,-3.297,1,126.586,0,1,0,0.0,-3.08,Cc1ccc(Cl)cc1,Cc1ccc(Cl)cc1
128,Metribuzin,-2.324,1,214.294,1,1,1,73.8,-2.253,CSc1nnc(c(=O)n1N)C(C)(C)C,CSc1nnc(C(C)(C)C)c(=O)n1N
129,Tricresyl phosphate,-6.39,1,368.36900000000014,0,3,6,44.76000000000001,-6.01,Cc1ccc(OP(=O)(Oc2cccc(C)c2)Oc3ccccc3C)cc1,Cc1ccc(OP(=O)(Oc2cccc(C)c2)Oc2ccccc2C)cc1
130,Caproaldehyde,-1.457,1,100.161,0,0,4,17.07,-1.3,CCCCCC=O,CCCCCC=O
131,Butamben,-3.039,1,193.246,1,1,4,52.32,-3.082,CCCCOC(=O)c1ccc(N)cc1,CCCCOC(=O)c1ccc(N)cc1
132,RTI 3,-3.049,1,255.27700000000002,1,3,0,68.45,-3.043,O2c1cc(C)ccc1N(C)C(=O)c3cc(N)cnc23 ,Cc1ccc2c(c1)Oc1ncc(N)cc1C(=O)N2C
133,Nerol,-2.603,1,154.253,1,0,4,20.23,-2.46,CC(C)=CCC/C(C)=C\CO,CC(C)=CCC/C(C)=C\CO
134,3-Octanoyloxymethylphenytoin,-4.84,1,408.49800000000005,1,3,10,75.71,-6.523,O=C1N(COC(=O)CCCCCCC)C(=O)C(N1)(c2ccccc2)c3ccccc3,CCCCCCCC(=O)OCN1C(=O)NC(c2ccccc2)(c2ccccc2)C1=O
135,Nitroethane,-0.462,1,75.067,0,0,1,43.14,-0.22,CCN(=O)=O,CC[N+](=O)[O-]
136,Ethalfluralin,-5.063,1,333.26599999999996,0,1,6,89.51999999999998,-6.124,CCN(CC(C)=C)c1c(cc(cc1N(=O)=O)C(F)(F)F)N(=O)=O,C=C(C)CN(CC)c1c([N+](=O)[O-])cc(C(F)(F)F)cc1[N+](=O)[O-]
137,Meprobamate,-1.376,1,218.253,2,0,6,104.64,-1.807,CCCC(C)(COC(N)=O)COC(N)=O ,CCCC(C)(COC(N)=O)COC(N)=O
138,pregnenolone,-4.342,1,316.48500000000007,1,4,1,37.3,-4.65,CC(=O)C3CCC4C2CC=C1CC(O)CCC1(C)C2CCC34C ,CC(=O)C1CCC2C3CC=C4CC(O)CCC4(C)C3CCC12C
139,Iodomethane,-1.646,1,141.939,0,0,0,0.0,-1.0,CI,CI
140,cycloheximide,-1.5319999999999998,1,281.35200000000003,2,2,3,83.47,-1.13,CC1CC(C)C(=O)C(C1)C(O)CC2CC(=O)NC(=O)C2 ,CC1CC(C)C(=O)C(C(O)CC2CC(=O)NC(=O)C2)C1
141,3-Heptanoyloxymethylphenytoin,-4.496,1,394.471,1,3,9,75.71,-6.301,O=C1N(COC(=O)CCCCCC)C(=O)C(N1)(c2ccccc2)c3ccccc3,CCCCCCC(=O)OCN1C(=O)NC(c2ccccc2)(c2ccccc2)C1=O
142,isophorone,-2.015,1,138.20999999999998,0,1,0,17.07,-1.06,CC1=CC(=O)CC(C)(C)C1 ,CC1=CC(=O)CC(C)(C)C1
143,Butabarbital,-1.958,1,212.249,2,1,3,75.27000000000002,-2.39,O=C1NC(=O)NC(=O)C1(CC)C(C)CC,CCC(C)C1(CC)C(=O)NC(=O)NC1=O
144,5-Nonanone,-2.329,1,142.24200000000002,0,0,6,17.07,-2.58,CCCCC(=O)CCCC,CCCCC(=O)CCCC
145,3-Methylpentane,-2.6,1,86.178,0,0,2,0.0,-3.68,CCC(C)CC,CCC(C)CC
146,Etofenprox,-6.896,1,376.496,0,3,9,27.69,-8.6,CCOc1ccc(cc1)C(C)(C)COCc3cccc(Oc2ccccc2)c3,CCOc1ccc(C(C)(C)COCc2cccc(Oc3ccccc3)c2)cc1
147,Methaqualone,-3.881,1,250.301,0,3,1,34.89,-2.925,Cc1ccccc1n3c(C)nc2ccccc2c3=O,Cc1ccccc1-n1c(C)nc2ccccc2c1=O
148,Chloroacetonitrile,-0.448,1,75.498,0,0,0,23.79,-0.092,ClCC#N,N#CCCl
149,Trichloronate,-5.225,1,333.6040000000001,0,1,5,18.46,-5.752000000000002,CCOP(=S)(CC)Oc1cc(Cl)c(Cl)cc1Cl,CCOP(=S)(CC)Oc1cc(Cl)c(Cl)cc1Cl
150,Ethisterone,-3.858,1,312.4530000000001,1,4,0,37.3,-5.66,CC12CCC(=O)C=C1CCC3C2CCC4(C)C3CCC4(O)C#C ,C#CC1(O)CCC2C3CCC4=CC(=O)CCC4(C)C3CCC21C
151,Pyridazine,-0.619,2,80.08999999999997,0,1,0,25.78,1.1,c1ccnnc1,c1ccnnc1
152,"1,2,3,5-Tetrachlorobenzene",-4.621,1,215.894,0,1,0,0.0,-4.63,Clc1cc(Cl)c(Cl)c(Cl)c1,Clc1cc(Cl)c(Cl)c(Cl)c1
153,Diosgenin,-5.681,1,414.63000000000017,1,6,0,38.69,-7.32,C1C(O)CCC2(C)CC3CCC4(C)C5(C)CC6OCC(C)CC6OC5CC4C3C=C21,CC1COC2CC3(C)C(CC4C5C=C6CC(O)CCC6(C)CC5CCC43C)OC2C1
154,o-Aminophenol,-1.465,1,109.128,2,1,0,46.25,-0.72,Nc1ccccc1O,Nc1ccccc1O
155,Ethyl nonanoate,-3.3160000000000003,1,186.295,0,0,8,26.3,-3.8,CCCCCCCCC(=O)OCC,CCCCCCCCC(=O)OCC
156,metalaxyl,-2.87,1,279.336,0,1,5,55.84,-1.601,COCC(=O)N(C(C)C(=O)OC)c1c(C)cccc1C ,COCC(=O)N(c1c(C)cccc1C)C(C)C(=O)OC
157,Propoxur,-2.4090000000000003,1,209.245,1,1,3,47.56,-2.05,CNC(=O)Oc1ccccc1OC(C)C,CNC(=O)Oc1ccccc1OC(C)C
158,2-Chlorobutane,-1.94,1,92.569,0,0,1,0.0,-1.96,CCC(C)Cl,CCC(C)Cl
159,2-Napthol,-3.08,1,144.17299999999997,1,2,0,20.23,-2.28,Oc1ccc2ccccc2c1,Oc1ccc2ccccc2c1
160,Oxadiazon,-5.265,1,345.22600000000017,0,2,3,57.26,-5.6960000000000015,CC(C)Oc1cc(c(Cl)cc1Cl)n2nc(oc2=O)C(C)(C)C,CC(C)Oc1cc(-n2nc(C(C)(C)C)oc2=O)c(Cl)cc1Cl
161,1-Hexyne ,-1.801,1,82.14599999999999,0,0,2,0.0,-2.36,CCCCC#C,C#CCCCC
162,2-Chlorotoluene,-3.297,1,126.586,0,1,0,0.0,-3.52,Cc1ccccc1Cl,Cc1ccccc1Cl
163,Diisopropyl ether ,-1.281,1,102.177,0,0,2,9.23,-1.1,CC(C)OC(C)C,CC(C)OC(C)C
164,Dapsone,-2.464,1,248.30700000000002,2,2,2,86.18,-3.094,Nc1ccc(cc1)S(=O)(=O)c2ccc(N)cc2,Nc1ccc(S(=O)(=O)c2ccc(N)cc2)cc1
165,Methyl hydrazine,0.5429999999999999,1,46.073,2,0,0,38.05,1.34,CNN,CNN
166,Propyne,-0.672,1,40.06500000000001,0,0,0,0.0,-0.41,CC#C,C#CC
167,Phoxim,-4.557,1,298.30400000000003,0,1,7,63.84,-4.862,CCOP(=S)(OCC)ON=C(C#N)c1ccccc1,CCOP(=S)(OCC)ON=C(C#N)c1ccccc1
168,Acrolein,-0.184,1,56.06399999999999,0,0,1,17.07,0.57,C=CC=O,C=CC=O
169,Hypoxanthine,-0.6559999999999999,1,136.114,2,2,0,74.43,-2.296,O=c1[nH]cnc2nc[nH]c12 ,O=c1[nH]cnc2nc[nH]c12
170,6-hydroxyquinoline,-2.725,1,145.161,1,2,0,33.120000000000005,-2.16,Oc2ccc1ncccc1c2 ,Oc1ccc2ncccc2c1
171,Fluorobenzene,-2.514,1,96.10399999999998,0,1,0,0.0,-1.8,Fc1ccccc1,Fc1ccccc1
172,1-Chloropropane,-1.585,1,78.542,0,0,1,0.0,-1.47,CCCCl,CCCCl
173,Ethyl acetate,-0.77,1,88.10600000000001,0,0,1,26.3,-0.04,CCOC(=O)C,CCOC(C)=O
174,"2,2-Dimethylpentane",-2.938,1,100.20499999999998,0,0,1,0.0,-4.36,CCCC(C)(C)C,CCCC(C)(C)C
175,Pentamethylbenzene,-3.993,1,148.249,0,1,0,0.0,-4.0,Cc1cc(C)c(C)c(C)c1C,Cc1cc(C)c(C)c(C)c1C
176,eucalyptol,-2.579,1,154.253,0,3,0,9.23,-1.64,CC12CCC(CC1)C(C)(C)O2 ,CC12CCC(CC1)C(C)(C)O2
177,dibutyl sebacate,-4.726,1,314.46600000000007,0,0,15,52.60000000000001,-3.896,CCCCOC(=O)CCCCCCCCC(=O)OCCCC,CCCCOC(=O)CCCCCCCCC(=O)OCCCC
178,"4,4'-PCB",-5.299,1,223.102,0,2,1,0.0,-6.56,Clc1ccc(cc1)c2ccc(Cl)cc2 ,Clc1ccc(-c2ccc(Cl)cc2)cc1
179,"2,3-Dimethylpyridine",-2.067,1,107.156,0,1,0,12.89,0.38,Cc1cccnc1C,Cc1cccnc1C
180,Carvone,-2.042,1,150.22099999999998,0,1,1,17.07,-2.06,CC(=C)C1CC=C(C)C(=O)C1,C=C(C)C1CC=C(C)C(=O)C1
181,"Etoposide (148-167,25mg/ml)",-3.292,1,588.5620000000001,3,7,5,160.83,-3.571,COc1cc(cc(OC)c1O)C6C2C(COC2=O)C(OC4OC3COC(C)OC3C(O)C4O)c7cc5OCOc5cc67,COc1cc(C2c3cc4c(cc3C(OC3OC5COC(C)OC5C(O)C3O)C3COC(=O)C23)OCO4)cc(OC)c1O
182,Perylene,-6.0070000000000014,2,252.316,0,5,0,0.0,-8.804,c1cc2cccc3c4cccc5cccc(c(c1)c23)c54,c1cc2cccc3c4cccc5cccc(c(c1)c23)c54
183,"2,4-Dinitrotoluene",-2.604,1,182.135,0,1,2,86.28,-2.82,Cc1ccc(cc1N(=O)=O)N(=O)=O,Cc1ccc([N+](=O)[O-])cc1[N+](=O)[O-]
184,2-bromonaphthalene,-4.434,1,207.07,0,2,0,0.0,-4.4,c1c(Br)ccc2ccccc12 ,Brc1ccc2ccccc2c1
185,6-methoxypteridine,-1.589,1,162.15200000000004,0,2,1,60.790000000000006,-1.139,COc2cnc1ncncc1n2,COc1cnc2ncncc2n1
186,nevirapine,-3.397,1,266.30400000000003,1,4,1,58.12000000000001,-3.19,Cc3ccnc4N(C1CC1)c2ncccc2C(=O)Nc34 ,Cc1ccnc2c1NC(=O)c1cccnc1N2C1CC1
187,Isazofos,-3.76,1,313.747,0,1,7,58.4,-3.658,CCOP(=S)(OCC)Oc1nc(Cl)n(n1)C(C)C,CCOP(=S)(OCC)Oc1nc(Cl)n(C(C)C)n1
188,"2-Methyl-1,3-Butadiene ",-1.714,1,68.11900000000001,0,0,1,0.0,-2.03,CC(=C)C=C,C=CC(=C)C
189,linalool,-2.399,1,154.253,1,0,4,20.23,-1.99,CC(C)=CCCC(O)(C)C=C,C=CC(C)(O)CCC=C(C)C
190,Fenthion,-4.265,1,278.335,0,1,5,27.69,-4.57,COP(=S)(OC)Oc1ccc(SC)c(C)c1,COP(=S)(OC)Oc1ccc(SC)c(C)c1
191,Cyclohexanol ,-1.261,1,100.161,1,1,0,20.23,-0.44,OC1CCCCC1,OC1CCCCC1
192,5-Allyl-5-methylbarbital,-1.013,1,182.179,2,1,2,75.27000000000002,-1.16,O=C1NC(=O)NC(=O)C1(C)CC=C,C=CCC1(C)C(=O)NC(=O)NC1=O
193,Epiandrosterone,-3.882,1,290.447,1,4,0,37.3,-4.16,CC34CCC1C(CCC2CC(O)CCC12C)C3CCC4=O,CC12CCC3C(CCC4CC(O)CCC43C)C1CCC2=O
194,mannitol,0.647,1,182.172,6,0,5,121.38,0.06,OCC(O)C(O)C(O)C(O)CO ,OCC(O)C(O)C(O)C(O)CO
195,4-Methylbiphenyl,-4.424,1,168.239,0,2,1,0.0,-4.62,Cc1ccc(cc1)c2ccccc2,Cc1ccc(-c2ccccc2)cc1
196,Atrazine,-3.069,1,215.688,2,1,4,62.73,-3.85,CCNc1nc(Cl)nc(NC(C)C)n1,CCNc1nc(Cl)nc(NC(C)C)n1
197,Phenylthiourea,-1.7009999999999998,1,152.22199999999995,2,1,1,38.05,-1.77,NC(=S)Nc1ccccc1,NC(=S)Nc1ccccc1
198,4-Heptanone,-1.62,1,114.188,0,0,4,17.07,-1.3,CCCC(=O)CCC,CCCC(=O)CCC
199,"3,3-Dimethyl-2-butanone",-1.25,1,100.161,0,0,0,17.07,-0.72,CC(=O)C(C)(C)C,CC(=O)C(C)(C)C
200,4-Chlorophenol ,-2.761,1,128.558,1,1,0,20.23,-0.7,Oc1ccc(Cl)cc1,Oc1ccc(Cl)cc1
201,Cyclohexanone,-0.996,1,98.145,0,1,0,17.07,-0.6,O=C1CCCCC1,O=C1CCCCC1
202,Trichloroacetonitrile,-2.019,1,144.388,0,0,0,23.79,-2.168,ClC(Cl)(Cl)C#N,N#CC(Cl)(Cl)Cl
203,norflurazon,-4.029,1,303.67100000000005,1,2,2,46.92,-4.046,CNc2cnn(c1cccc(c1)C(F)(F)F)c(=O)c2Cl,CNc1cnn(-c2cccc(C(F)(F)F)c2)c(=O)c1Cl
204,2-Decanone,-2.617,1,156.269,0,0,7,17.07,-3.3,CCCCCCCCC(=O)C,CCCCCCCCC(C)=O
205,Ipazine,-3.497,1,243.742,1,1,5,53.94000000000001,-3.785,CCN(CC)c1nc(Cl)nc(NC(C)C)n1,CCN(CC)c1nc(Cl)nc(NC(C)C)n1
206,Benzocaine,-2.383,1,165.19199999999995,1,1,2,52.32,-2.616,CCOC(=O)c1ccc(N)cc1,CCOC(=O)c1ccc(N)cc1
207,"1,2,4-Trichlorobenzene",-4.083,1,181.449,0,1,0,0.0,-3.59,Clc1ccc(Cl)c(Cl)c1,Clc1ccc(Cl)c(Cl)c1
208,Triazolam,-3.948,1,343.2170000000001,0,4,1,43.07,-4.09,Cc3nnc4CN=C(c1ccccc1Cl)c2cc(Cl)ccc2n34,Cc1nnc2n1-c1ccc(Cl)cc1C(c1ccccc1Cl)=NC2
209,"1,2-Benzenediol",-1.635,1,110.11199999999998,2,1,0,40.46,0.62,Oc1ccccc1O,Oc1ccccc1O
210,Reverse Transcriptase inhibitor 1,-2.794,1,254.293,0,3,1,49.33000000000001,-2.62,CCN2c1ncccc1N(C)C(=O)c3cccnc23 ,CCN1c2ncccc2C(=O)N(C)c2cccnc21
211,Dimethyl sulfide,-0.758,1,62.137,0,0,0,0.0,-0.45,CSC,CSC
212,2-Bromotoluene,-3.667,1,171.03699999999995,0,1,0,0.0,-2.23,Cc1ccccc1Br,Cc1ccccc1Br
213,O-Ethyl carbamate,-0.218,1,89.09400000000002,1,0,1,52.32,0.85,CCOC(=O)N,CCOC(N)=O
214,megestrol acetate,-4.417,1,384.51600000000013,0,4,2,60.44000000000001,-5.35,CC(=O)OC3(CCC4C2C=C(C)C1=CC(=O)CCC1(C)C2CCC34C)C(C)=O ,CC(=O)OC1(C(C)=O)CCC2C3C=C(C)C4=CC(=O)CCC4(C)C3CCC21C
215,"2,4-Dimethyl-3-pentanol",-1.6469999999999998,1,116.20399999999998,1,0,2,20.23,-1.22,CC(C)C(O)C(C)C,CC(C)C(O)C(C)C
216,Napthalene,-3.468,2,128.17399999999995,0,2,0,0.0,-3.6,c1ccc2ccccc2c1,c1ccc2ccccc2c1
217,Phenytoin,-3.057,1,252.273,2,3,2,58.2,-4.097,O=C1NC(=O)C(N1)(c2ccccc2)c3ccccc3,O=C1NC(=O)C(c2ccccc2)(c2ccccc2)N1
218,"7,12-Dimethylbenz(a)anthracene",-6.2970000000000015,1,256.348,0,4,0,0.0,-7.02,Cc1c2ccccc2c(C)c3ccc4ccccc4c13,Cc1c2ccccc2c(C)c2c1ccc1ccccc12
219,Dialifor,-5.026,1,393.85400000000016,0,2,8,55.84,-6.34,CCOP(=S)(OCC)SC(CCl)N1C(=O)c2ccccc2C1=O,CCOP(=S)(OCC)SC(CCl)N1C(=O)c2ccccc2C1=O
220,Methoxychlor,-5.5379999999999985,1,345.65299999999985,0,2,4,18.46,-6.89,COc1ccc(cc1)C(c2ccc(OC)cc2)C(Cl)(Cl)Cl,COc1ccc(C(c2ccc(OC)cc2)C(Cl)(Cl)Cl)cc1
221,TEFLUBENZURON,-5.4620000000000015,1,381.11200000000014,2,2,2,58.2,-7.28,Fc1cccc(F)c1C(=O)NC(=O)Nc2cc(Cl)c(F)c(Cl)c2F ,O=C(NC(=O)c1c(F)cccc1F)Nc1cc(Cl)c(F)c(Cl)c1F
222,3-Pentanoyloxymethylphenytoin,-3.81,1,366.417,1,3,7,75.71,-4.678,O=C1N(COC(=O)CCCC)C(=O)C(N1)(c2ccccc2)c3ccccc3,CCCCC(=O)OCN1C(=O)NC(c2ccccc2)(c2ccccc2)C1=O
223,Monuron,-2.6710000000000003,1,198.653,1,1,1,32.34,-2.89,CN(C)C(=O)Nc1ccc(Cl)cc1,CN(C)C(=O)Nc1ccc(Cl)cc1
224,Flutriafol,-3.569,1,301.296,1,3,4,50.94,-3.37,OC(Cn1cncn1)(c2ccc(F)cc2)c3ccccc3F,OC(Cn1cncn1)(c1ccc(F)cc1)c1ccccc1F
225,"1,2,4,5-Tetrabromobenzene",-6.001,1,393.698,0,1,0,0.0,-6.98,Brc1cc(Br)c(Br)cc1Br,Brc1cc(Br)c(Br)cc1Br
226,4-Chloroanisole,-3.057,1,142.585,0,1,1,9.23,-2.78,COc1ccc(Cl)cc1,COc1ccc(Cl)cc1
227,Talbutal,-2.06,1,224.26,2,1,4,75.27000000000002,-2.016,CCC(C)C1(CC=C)C(=O)NC(=O)NC1=O,C=CCC1(C(C)CC)C(=O)NC(=O)NC1=O
228,1-Iodonapthalene,-4.8889999999999985,1,254.07,0,2,0,0.0,-4.55,Ic1cccc2ccccc12,Ic1cccc2ccccc12
229,Sorbitol,0.647,1,182.172,6,0,5,121.38,1.09,OCC(O)C(O)C(O)C(O)CO,OCC(O)C(O)C(O)C(O)CO
230,Ethanethiol,-0.968,1,62.137,1,0,0,0.0,-0.6,CCS,CCS
231,"1,1,2-Trichloroethane",-1.961,1,133.405,0,0,1,0.0,-1.48,ClCC(Cl)Cl,ClCC(Cl)Cl
232,o-Hydroxybenzamide,-1.942,1,137.13799999999998,2,1,1,63.32000000000001,-1.82,NC(=O)c1ccccc1O,NC(=O)c1ccccc1O
233,o-Nitrotoluene,-2.589,1,137.138,0,1,1,43.14,-2.33,Cc1ccccc1N(=O)=O,Cc1ccccc1[N+](=O)[O-]
234,"5,5-Diisopropylbarbital",-1.942,1,212.24900000000002,2,1,2,75.27000000000002,-2.766,O=C1NC(=O)NC(=O)C1(C(C)C)C(C)C,CC(C)C1(C(C)C)C(=O)NC(=O)NC1=O
235,2-Ethyltoluene,-3.2960000000000003,1,120.19499999999996,0,1,1,0.0,-3.21,CCc1ccccc1C,CCc1ccccc1C
236,1-Chloroheptane,-3.003,1,134.65,0,0,5,0.0,-4.0,CCCCCCCCl,CCCCCCCCl
237,Barbital,-1.265,1,184.195,2,1,2,75.27000000000002,-2.4,O=C1NC(=O)NC(=O)C1(CC)CC,CCC1(CC)C(=O)NC(=O)NC1=O
238,Bibenzyl ,-4.301,2,182.266,0,2,3,0.0,-4.62,C(Cc1ccccc1)c2ccccc2,c1ccc(CCc2ccccc2)cc1
239,"1,1,2,2-Tetrachloroethane",-2.549,1,167.85,0,0,1,0.0,-1.74,ClC(Cl)C(Cl)Cl,ClC(Cl)C(Cl)Cl
240,RTI 23,-4.228,1,283.33099999999996,1,3,2,54.46,-5.153,CCN2c1cc(OC)cc(C)c1NC(=O)c3cccnc23 ,CCN1c2cc(OC)cc(C)c2NC(=O)c2cccnc21
241,2-Methylphenanthrene,-4.87,1,192.261,0,3,0,0.0,-5.84,Cc1ccc2c(ccc3ccccc32)c1,Cc1ccc2c(ccc3ccccc32)c1
242,dibutylphthalate,-4.378,1,278.348,0,1,8,52.60000000000001,-4.4,CCCCOC(=O)c1ccccc1C(=O)OCCCC ,CCCCOC(=O)c1ccccc1C(=O)OCCCC
243,tetrachloroguaiacol,-4.299,1,261.91900000000004,1,1,1,29.46,-4.02,COc1c(O)c(Cl)c(Cl)c(Cl)c1Cl ,COc1c(O)c(Cl)c(Cl)c(Cl)c1Cl
244,Dimecron,-2.426,1,299.69099999999986,0,0,8,65.07000000000001,0.523,CCN(CC)C(=O)C(=CCOP(=O)(OC)OC)Cl,CCN(CC)C(=O)C(Cl)=CCOP(=O)(OC)OC
245,Equilin,-3.555,1,268.356,1,4,0,37.3,-5.282,CC34CCC1C(=CCc2cc(O)ccc12)C3CCC4=O,CC12CCC3C(=CCc4cc(O)ccc43)C1CCC2=O
246,p-Nitroanisole,-2.522,1,153.13699999999997,0,1,2,52.37,-2.41,COc1ccc(cc1)N(=O)=O,COc1ccc([N+](=O)[O-])cc1
247,1-Chlorohexane,-2.648,1,120.62299999999999,0,0,4,0.0,-3.12,CCCCCCCl,CCCCCCCl
248,Raffinose,0.496,1,504.4380000000001,11,3,8,268.67999999999995,-0.41,OCC1OC(CO)(OC2OC(COC3OC(CO)C(O)C(O)C3O)C(O)C(O)C2O)C(O)C1O,OCC1OC(OCC2OC(OC3(CO)OC(CO)C(O)C3O)C(O)C(O)C2O)C(O)C(O)C1O
249,RTI 5,-3.471,1,253.30499999999995,0,3,1,36.44,-3.324,CCN2c1ccccc1N(C)C(=O)c3cccnc23 ,CCN1c2ccccc2N(C)C(=O)c2cccnc21
250,Sulfanilamide,-0.954,1,172.20899999999997,2,1,1,86.18,-1.34,Nc1ccc(cc1)S(N)(=O)=O,Nc1ccc(S(N)(=O)=O)cc1
251,Isopropalin,-5.306,1,309.3660000000001,0,1,8,89.51999999999998,-6.49,CCCN(CCC)c1c(cc(cc1N(=O)=O)C(C)C)N(=O)=O,CCCN(CCC)c1c([N+](=O)[O-])cc(C(C)C)cc1[N+](=O)[O-]
252,Lindane,-4.009,1,290.832,0,1,0,0.0,-4.64,ClC1C(Cl)C(Cl)C(Cl)C(Cl)C1Cl,ClC1C(Cl)C(Cl)C(Cl)C(Cl)C1Cl
253,Isofenphos,-4.538,1,345.4010000000002,1,1,8,56.790000000000006,-4.194,CCOP(=S)(NC(C)C)Oc1ccccc1C(=O)OC(C)C,CCOP(=S)(NC(C)C)Oc1ccccc1C(=O)OC(C)C
254,"1,2,3-Trichlorobenzene",-4.008,1,181.449,0,1,0,0.0,-4.0,Clc1cccc(Cl)c1Cl,Clc1cccc(Cl)c1Cl
255,Tetrachloromethane,-2.607,1,153.82299999999998,0,0,0,0.0,-2.31,ClC(Cl)(Cl)Cl,ClC(Cl)(Cl)Cl
256,"3,4-Dichloronitrobenzene",-3.448,1,192.00099999999998,0,1,1,43.14,-3.2,O=N(=O)c1cc(Cl)c(Cl)cc1,O=[N+]([O-])c1ccc(Cl)c(Cl)c1
257,Cyclooctanol,-2.14,1,128.215,1,1,0,20.23,-1.29,OC1CCCCCCC1,OC1CCCCCCC1
258,17a-Methyltestosterone,-4.073,1,302.45800000000014,1,4,0,37.3,-3.999,CC1(O)CCC2C3CCC4=CC(=O)CCC4(C)C3CCC21C,CC12CCC(=O)C=C1CCC1C2CCC2(C)C1CCC2(C)O
259,Dulcin,-2.167,1,180.207,2,1,3,64.35,-2.17,CCOc1ccc(NC(N)=O)cc1,CCOc1ccc(NC(N)=O)cc1
260,"1,7-phenantroline",-2.994,2,180.21,0,3,0,25.78,-2.68,c1cnc2c(c1)ccc3ncccc23,c1cnc2c(c1)ccc1ncccc12
261,Anethole,-3.254,1,148.20499999999996,0,1,2,9.23,-3.13,COc1ccc(C=CC)cc1,CC=Cc1ccc(OC)cc1
262,1-Hexadecanol,-4.94,1,242.44699999999992,1,0,14,20.23,-7.0,CCCCCCCCCCCCCCCCO,CCCCCCCCCCCCCCCCO
263,uracil,-0.441,1,112.088,2,1,0,65.72,-1.4880000000000002,O=c1cc[nH]c(=O)[nH]1 ,O=c1cc[nH]c(=O)[nH]1
264,adenine,-1.255,1,135.13,2,2,0,80.47999999999998,-2.12,Nc1ncnc2nc[nH]c12 ,Nc1ncnc2nc[nH]c12
265,"2,2',3,4,5-PCB",-6.709,1,326.437,0,2,1,0.0,-7.21,Clc1cc(Cl)c(cc1Cl)c2cccc(Cl)c2Cl ,Clc1cc(Cl)c(-c2cccc(Cl)c2Cl)cc1Cl
266,Ancymidol,-2.181,1,256.30499999999995,1,3,4,55.24,-2.596,COc1ccc(cc1)C(O)(C2CC2)c3cncnc3 ,COc1ccc(C(O)(c2cncnc2)C2CC2)cc1
267,Benzo(b)fluoranthene,-6.0070000000000014,2,252.316,0,5,0,0.0,-8.23,c1ccc2c(c1)c3cccc4c3c2cc5ccccc54,c1ccc2c(c1)-c1cccc3c1c-2cc1ccccc13
268,Carbanilide,-3.611,1,212.252,2,2,2,41.13,-3.15,O=C(Nc1ccccc1)Nc2ccccc2,O=C(Nc1ccccc1)Nc1ccccc1
269,phenobarbital,-2.272,1,232.239,2,2,2,75.27000000000002,-2.322,CCC1(C(=O)NC(=O)NC1=O)c2ccccc2 ,CCC1(c2ccccc2)C(=O)NC(=O)NC1=O
270,Isoproturon,-2.867,1,206.28900000000002,1,1,2,32.34,-3.536,CC(C)c1ccc(NC(=O)N(C)C)cc1,CC(C)c1ccc(NC(=O)N(C)C)cc1
271,Azintamide,-2.231,1,259.762,0,1,5,46.09,-1.716,CCN(CC)C(=O)CSc1ccc(Cl)nn1,CCN(CC)C(=O)CSc1ccc(Cl)nn1
272,"2,4,6-Trinitrotoluene",-2.6060000000000003,1,227.132,0,1,3,129.42000000000002,-3.22,Cc1c(cc(cc1N(=O)=O)N(=O)=O)N(=O)=O,Cc1c([N+](=O)[O-])cc([N+](=O)[O-])cc1[N+](=O)[O-]
273,Bensulide,-4.99,1,397.52400000000006,1,1,10,64.63,-4.2,CC(C)OP(=S)(OC(C)C)SCCNS(=O)(=O)c1ccccc1,CC(C)OP(=S)(OC(C)C)SCCNS(=O)(=O)c1ccccc1
274,Cycloheptane,-2.9160000000000004,2,98.189,0,1,0,0.0,-3.51,C1CCCCCC1,C1CCCCCC1
275,2-Isopropyltoluene,-3.585,1,134.22199999999995,0,1,1,0.0,-3.76,CC(C)c1ccccc1C,Cc1ccccc1C(C)C
276,m-Chloroaniline,-2.392,1,127.574,1,1,0,26.02,-1.37,Nc1cccc(Cl)c1,Nc1cccc(Cl)c1
277,"2,4-Dimethylpentane",-2.938,1,100.20499999999998,0,0,2,0.0,-4.26,CC(C)CC(C)C,CC(C)CC(C)C
278,Dibenzofurane,-4.2010000000000005,2,168.195,0,3,0,13.14,-4.6,o1c2ccccc2c3ccccc13,c1ccc2c(c1)oc1ccccc12
279,ethofumesate,-3.184,1,286.3490000000001,0,2,4,61.83000000000001,-3.42,CCOC2Oc1ccc(OS(C)(=O)=O)cc1C2(C)C,CCOC1Oc2ccc(OS(C)(=O)=O)cc2C1(C)C
280,Fluometuron,-3.065,1,232.205,1,1,1,32.34,-3.43,CN(C)C(=O)Nc1cccc(c1)C(F)(F)F,CN(C)C(=O)Nc1cccc(C(F)(F)F)c1
281,Cortisone,-2.893,1,360.45000000000016,2,4,2,91.67,-3.11,CC12CC(=O)C3C(CCC4=CC(=O)CCC34C)C2CCC1(O)C(=O)CO,CC12CCC(=O)C=C1CCC1C2C(=O)CC2(C)C1CCC2(O)C(=O)CO
282,glucose,0.501,1,180.15599999999998,5,1,1,110.38,0.74,OCC1OC(O)C(O)C(O)C1O,OCC1OC(O)C(O)C(O)C1O
283,3-Methylphenol,-2.313,1,108.14,1,1,0,20.23,-0.68,Cc1cccc(O)c1,Cc1cccc(O)c1
284,Indapamide,-4.345,1,365.842,2,3,3,92.5,-3.5860000000000003,CC2Cc1ccccc1N2NC(=O)c3ccc(Cl)c(c3)S(N)(=O)=O ,CC1Cc2ccccc2N1NC(=O)c1ccc(Cl)c(S(N)(=O)=O)c1
285,Lovastatin,-4.731,1,404.54700000000025,1,3,6,72.83,-6.005,CCC(C)C(=O)OC2CC(C)C=C3C=CC(C)C(CCC1CC(O)CC(=O)O1)C23 ,CCC(C)C(=O)OC1CC(C)C=C2C=CC(C)C(CCC3CC(O)CC(=O)O3)C21
286,"1,4-Dinitrobenzene",-2.281,1,168.10799999999998,0,1,2,86.28,-3.39,O=N(=O)c1ccc(cc1)N(=O)=O,O=[N+]([O-])c1ccc([N+](=O)[O-])cc1
287,Reposal,-2.781,1,262.309,2,3,2,75.27000000000002,-2.696,CCC1(C(=O)NC(=O)NC1=O)C2=CCC3CCC2C3,CCC1(C2=CCC3CCC2C3)C(=O)NC(=O)NC1=O
288,Ethyl decanoate,-3.671,1,200.322,0,0,9,26.3,-4.1,CCCCCCCCCC(=O)OCC,CCCCCCCCCC(=O)OCC
289,Fenuron,-1.847,1,164.208,1,1,1,32.34,-1.6,CN(C)C(=O)Nc1ccccc1,CN(C)C(=O)Nc1ccccc1
290,Ethyl propyl ether,-1.072,1,88.14999999999998,0,0,3,9.23,-0.66,CCCOCC,CCCOCC
291,2-Propanol,-0.261,1,60.096,1,0,0,20.23,0.43,CC(C)O,CC(C)O
292,2-Methylnapthalene,-3.802,1,142.201,0,2,0,0.0,-3.77,Cc1ccc2ccccc2c1,Cc1ccc2ccccc2c1
293,Chlorodibromethane,-2.54,1,208.28,0,0,0,0.0,-1.9,ClC(Br)Br,ClC(Br)Br
294,Malathion,-3.391,1,330.3640000000001,0,0,9,71.06,-3.37,CCOC(=O)CC(SP(=S)(OC)OC)C(=O)OCC,CCOC(=O)CC(SP(=S)(OC)OC)C(=O)OCC
295,Benzylchloride,-2.887,1,126.58599999999996,0,1,1,0.0,-2.39,ClCc1ccccc1,ClCc1ccccc1
296,t-Crotonaldehyde,-0.604,1,70.09100000000001,0,0,1,17.07,0.32,C/C=C/C=O,C/C=C/C=O
297,Chlorbromuron,-3.938,1,293.548,1,1,2,41.57,-3.924,CON(C)C(=O)Nc1ccc(Br)c(Cl)c1,CON(C)C(=O)Nc1ccc(Br)c(Cl)c1
298,"9,10-Dimethylanthracene",-5.228,1,206.288,0,3,0,0.0,-6.57,Cc1c2ccccc2c(C)c3ccccc13,Cc1c2ccccc2c(C)c2ccccc12
299,Methyl hexanoate,-1.899,1,130.18699999999998,0,0,4,26.3,-1.87,CCCCCC(=O)OC,CCCCCC(=O)OC
300,p-Fluoroacetanilide,-2.181,1,153.156,1,1,1,29.1,-1.78,CC(=O)Nc1ccc(F)cc1,CC(=O)Nc1ccc(F)cc1
301,Cyclohexene,-2.16,2,82.146,0,1,0,0.0,-2.59,C1CCC=CC1,C1=CCCCC1
302,Hydrocortisone ,-3.159,1,362.4660000000002,3,4,2,94.83,-3.09,CC12CC(O)C3C(CCC4=CC(=O)CCC34C)C2CCC1(O)C(=O)CO,CC12CCC(=O)C=C1CCC1C2C(O)CC2(C)C1CCC2(O)C(=O)CO
303,Pyrimidine,-0.884,2,80.08999999999997,0,1,0,25.78,1.1,c1cncnc1,c1cncnc1
304,p-Chloronitrobenzene,-2.901,1,157.55599999999995,0,1,1,43.14,-2.92,Clc1ccc(cc1)N(=O)=O,O=[N+]([O-])c1ccc(Cl)cc1
305,Methyl propionate,-0.836,1,88.10600000000001,0,0,1,26.3,-0.14,CCC(=O)OC,CCC(=O)OC
306,o-Chloronitrobenzene,-2.775,1,157.55599999999995,0,1,1,43.14,-2.55,Clc1ccccc1N(=O)=O,O=[N+]([O-])c1ccccc1Cl
307,Buthidazole,-2.398,1,256.331,1,2,1,69.56,-1.877,CN1CC(O)N(C1=O)c2nnc(s2)C(C)(C)C,CN1CC(O)N(c2nnc(C(C)(C)C)s2)C1=O
308,Nitrobenzene,-2.2880000000000003,1,123.11099999999996,0,1,1,43.14,-1.8,O=N(=O)c1ccccc1,O=[N+]([O-])c1ccccc1
309,Iodobenzene,-3.8,1,204.01,0,1,0,0.0,-3.01,Ic1ccccc1,Ic1ccccc1
310,Metolazone,-3.777,1,365.84200000000016,2,3,2,92.5,-3.78,CC2Nc1cc(Cl)c(cc1C(=O)N2c3ccccc3C)S(N)(=O)=O ,Cc1ccccc1N1C(=O)c2cc(S(N)(=O)=O)c(Cl)cc2NC1C
311,Methocarbamol,-1.4280000000000002,1,241.24299999999997,2,1,6,91.01,-0.985,COc1ccccc1OCC(O)COC(N)=O,COc1ccccc1OCC(O)COC(N)=O
312,"2,3-Dichlorophenol",-3.144,1,163.003,1,1,0,20.23,-1.3,Oc1cccc(Cl)c1Cl,Oc1cccc(Cl)c1Cl
313,Propyl butyrate,-1.1909999999999998,1,102.13299999999998,0,0,2,26.3,-1.92,CCCC(=O)OC,CCCC(=O)OC
314,Triamterene,-3.051,1,253.26900000000003,3,3,1,129.62,-2.404,Nc3nc(N)c2nc(c1ccccc1)c(N)nc2n3,Nc1nc(N)c2nc(-c3ccccc3)c(N)nc2n1
315,Ethyl hexanoate,-2.254,1,144.21399999999997,0,0,5,26.3,-2.35,CCCCCC(=O)OCC,CCCCCC(=O)OCC
316,chloralose,-1.887,1,309.529,3,2,2,88.38000000000002,-1.84,OCC(O)C2OC1OC(OC1C2O)C(Cl)(Cl)Cl ,OCC(O)C1OC2OC(C(Cl)(Cl)Cl)OC2C1O
317,Amitraz,-5.533,1,293.4140000000001,0,2,4,27.96,-5.47,CN(C=Nc1ccc(C)cc1C)C=Nc2ccc(C)cc2C,Cc1ccc(N=CN(C)C=Nc2ccc(C)cc2C)c(C)c1
318,Prometon,-3.448,1,225.296,2,1,5,71.96000000000002,-2.478,COc1nc(NC(C)C)nc(NC(C)C)n1,COc1nc(NC(C)C)nc(NC(C)C)n1
319,1-Octene ,-3.073,1,112.21600000000001,0,0,5,0.0,-4.44,CCCCCCC=C,C=CCCCCCC
320,p-Methylaniline ,-1.954,1,107.156,1,1,0,26.02,-1.21,Cc1ccc(N)cc1,Cc1ccc(N)cc1
321,Metolcarb,-1.947,1,151.165,1,1,1,38.33,-1.803,c1ccccc1(OC(=O)NC),CNC(=O)Oc1ccccc1
322,3-Hexanol,-1.324,1,102.177,1,0,3,20.23,-0.8,CCCC(O)CC,CCCC(O)CC
323,9-anthrol,-4.148,1,194.233,1,3,0,20.23,-4.73,c3ccc2c(O)c1ccccc1cc2c3 ,Oc1c2ccccc2cc2ccccc12
324,2-Methylanthracene,-4.87,1,192.261,0,3,0,0.0,-6.96,Cc1ccc2cc3ccccc3cc2c1,Cc1ccc2cc3ccccc3cc2c1
325,"1,2,3-Trimethylbenzene ",-3.312,1,120.195,0,1,0,0.0,-3.2,Cc1cccc(C)c1C,Cc1cccc(C)c1C
326,Aminocarb,-2.677,1,208.261,1,1,2,41.57,-2.36,CNC(=O)Oc1ccc(N(C)C)c(C)c1,CNC(=O)Oc1ccc(N(C)C)c(C)c1
327,2-Nonanol,-2.387,1,144.25799999999998,1,0,6,20.23,-2.74,CCCCCCCC(C)O,CCCCCCCC(C)O
328,Methyldymron,-3.863,1,268.36,1,2,3,32.34,-3.35,CN(C(=O)NC(C)(C)c1ccccc1)c2ccccc2,CN(C(=O)NC(C)(C)c1ccccc1)c1ccccc1
329,3-Hexanone,-1.266,1,100.161,0,0,3,17.07,-0.83,CCCC(=O)CC,CCCC(=O)CC
330,bromoxynil,-3.793,1,276.915,1,1,0,44.02,-3.33,Oc1c(Br)cc(C#N)cc1Br ,N#Cc1cc(Br)c(O)c(Br)c1
331,"3,4-PCB",-5.223,1,223.102,0,2,1,0.0,-6.39,Clc1ccc(cc1Cl)c2ccccc2 ,Clc1ccc(-c2ccccc2)cc1Cl
332,Mefenacet,-4.504,1,298.367,0,3,4,42.43000000000001,-4.873,CN(C(=O)COc1nc2ccccc2s1)c3ccccc3,CN(C(=O)COc1nc2ccccc2s1)c1ccccc1
333,5-hydroxyquinoline,-2.725,1,145.161,1,2,0,33.120000000000005,-2.54,Oc1cccc2ncccc12 ,Oc1cccc2ncccc12
334,Bromochloromethane,-1.519,1,129.384,0,0,0,0.0,-0.89,ClCBr,ClCBr
335,deoxycorticosterone acetate,-4.472,1,372.50500000000017,0,4,3,60.44000000000001,-4.63,CC(=O)OCC(=O)C3CCC4C2CCC1=CC(=O)CCC1(C)C2CCC34C ,CC(=O)OCC(=O)C1CCC2C3CCC4=CC(=O)CCC4(C)C3CCC12C
336,benzylurea,-1.509,1,150.18099999999995,2,1,2,55.12000000000001,-0.95,NC(=O)NCc1ccccc1 ,NC(=O)NCc1ccccc1
337,Chlortoluron,-3.048,1,212.68,1,1,1,32.34,-3.483,CN(C)C(=O)Nc1ccc(C)c(Cl)c1,Cc1ccc(NC(=O)N(C)C)cc1Cl
338,Linuron,-3.5810000000000004,1,249.097,1,1,2,41.57,-3.592,CON(C)C(=O)Nc1ccc(Cl)c(Cl)c1,CON(C)C(=O)Nc1ccc(Cl)c(Cl)c1
339,Cycloheptanol,-1.7,1,114.18799999999999,1,1,0,20.23,-0.88,OC1CCCCCC1,OC1CCCCCC1
340,Thiamphenicol,-1.936,1,356.22700000000015,3,1,6,103.70000000000002,-2.154,CS(=O)(=O)c1ccc(cc1)C(O)C(CO)NC(=O)C(Cl)Cl ,CS(=O)(=O)c1ccc(C(O)C(CO)NC(=O)C(Cl)Cl)cc1
341,thiopental,-2.96,1,242.344,2,1,4,58.2,-3.36,CCCC(C)C1(CC)C(=O)NC(=S)NC1=O ,CCCC(C)C1(CC)C(=O)NC(=S)NC1=O
342,acetazolamide,-0.7929999999999999,1,222.25099999999998,2,1,2,115.04,-2.36,CC(=O)Nc1nnc(s1)S(N)(=O)=O ,CC(=O)Nc1nnc(S(N)(=O)=O)s1
343,p-Nitrophenol,-2.318,1,139.11,1,1,1,63.37,-0.74,Oc1ccc(cc1)N(=O)=O,O=[N+]([O-])c1ccc(O)cc1
344,Aldrin,-5.511,1,364.914,0,4,0,0.0,-6.307,ClC1=C(Cl)C2(Cl)C3C4CC(C=C4)C3C1(Cl)C2(Cl)Cl,ClC1=C(Cl)C2(Cl)C3C4C=CC(C4)C3C1(Cl)C2(Cl)Cl
345,Tetrahydrofurane ,-0.62,2,72.107,0,1,0,9.23,0.49,C1CCOC1,C1CCOC1
346,o-Nitroaniline,-2.277,1,138.126,1,1,1,69.16,-1.96,Nc1ccccc1N(=O)=O,Nc1ccccc1[N+](=O)[O-]
347,"2,2',3,3'-PCB",-6.079,1,291.992,0,2,1,0.0,-7.28,Clc1cccc(c1Cl)c2cccc(Cl)c2Cl,Clc1cccc(-c2cccc(Cl)c2Cl)c1Cl
348,phenylbutazone,-4.0760000000000005,1,308.3810000000001,0,3,5,40.62000000000001,-3.81,CCCCC1C(=O)N(N(C1=O)c2ccccc2)c3ccccc3 ,CCCCC1C(=O)N(c2ccccc2)N(c2ccccc2)C1=O
349,"2,6-Dinitrotoluene",-2.553,1,182.135,0,1,2,86.28,-3.0,Cc1c(cccc1N(=O)=O)N(=O)=O,Cc1c([N+](=O)[O-])cccc1[N+](=O)[O-]
350,Progesterone,-4.17,1,314.46900000000005,0,4,1,34.14,-4.42,CC(=O)C1CCC2C3CCC4=CC(=O)CCC4(C)C3CCC12C,CC(=O)C1CCC2C3CCC4=CC(=O)CCC4(C)C3CCC12C
351,captafol,-4.365,1,349.06600000000014,0,2,3,37.38,-5.4,ClC(Cl)C(Cl)(Cl)SN2C(=O)C1CC=CCC1C2=O ,O=C1C2CC=CCC2C(=O)N1SC(Cl)(Cl)C(Cl)Cl
352,"1,2,4-tribromobenzene",-5.144,1,314.802,0,1,0,0.0,-4.5,c1(Br)c(Br)cc(Br)cc1,Brc1ccc(Br)c(Br)c1
353,Secobarbital,-2.415,1,238.28699999999995,2,1,5,75.27000000000002,-2.356,O=C1NC(=O)NC(=O)C1(C(C)CCC)CC=C,C=CCC1(C(C)CCC)C(=O)NC(=O)NC1=O
354,rhodanine,-0.396,1,133.197,1,1,0,29.1,-1.77,C1SC(=S)NC1(=O),O=C1CSC(=S)N1
355,Morin,-2.7310000000000003,1,302.23800000000006,5,3,1,131.36,-3.083,Oc1ccc(c(O)c1)c3oc2cc(O)cc(O)c2c(=O)c3O ,O=c1c(O)c(-c2ccc(O)cc2O)oc2cc(O)cc(O)c12
356,Kepone,-5.112,1,490.6390000000002,0,6,0,17.07,-5.259,ClC1(C(=O)C2(Cl)C3(Cl)C14Cl)C5(Cl)C2(Cl)C3(Cl)C(Cl)(Cl)C45Cl,O=C1C2(Cl)C3(Cl)C4(Cl)C(Cl)(Cl)C5(Cl)C3(Cl)C1(Cl)C5(Cl)C24Cl
357,Disulfiram,-3.862,1,296.55200000000013,0,0,4,6.48,-4.86,CCN(CC)C(=S)SSC(=S)N(CC)CC,CCN(CC)C(=S)SSC(=S)N(CC)CC
358,Cyclohexane,-2.477,2,84.162,0,1,0,0.0,-3.1,C1CCCCC1,C1CCCCC1
359,Dienochlor,-7.848,1,474.64,0,2,1,0.0,-7.278,ClC1=C(Cl)C(Cl)(C(=C1Cl)Cl)C2(Cl)C(=C(Cl)C(=C2Cl)Cl)Cl,ClC1=C(Cl)C(Cl)(C2(Cl)C(Cl)=C(Cl)C(Cl)=C2Cl)C(Cl)=C1Cl
360,chlordimeform,-3.164,1,196.681,0,1,2,15.6,-2.86,CN(C)C=Nc1ccc(Cl)cc1C,Cc1cc(Cl)ccc1N=CN(C)C
361,Equilenin,-3.927,1,266.34,1,4,0,37.3,-5.24,CC34CCc1c(ccc2cc(O)ccc12)C3CCC4=O,CC12CCc3c(ccc4cc(O)ccc34)C1CCC2=O
362,1-Octanol,-2.105,1,130.23100000000002,1,0,6,20.23,-2.39,CCCCCCCCO,CCCCCCCCO
363,Diethyl sulfide,-1.598,1,90.191,0,0,2,0.0,-1.34,CCSCC,CCSCC
364,"1,2-Dichloroethane",-1.374,1,98.96,0,0,1,0.0,-1.06,ClCCCl,ClCCCl
365,2-Chloro-2-methylbutane,-2.278,1,106.596,0,0,1,0.0,-2.51,CCC(C)(C)Cl,CCC(C)(C)Cl
366,1-Chloro-2-bromoethane,-1.7380000000000002,1,143.411,0,0,1,0.0,-1.32,ClCCBr,ClCCBr
367,p-Nitroaniline,-1.936,1,138.126,1,1,1,69.16,-2.37,Nc1ccc(cc1)N(=O)=O,Nc1ccc([N+](=O)[O-])cc1
368,Lactose,1.071,1,342.29699999999997,8,2,4,189.53,-0.244,OCC1OC(OC2C(O)C(O)C(O)OC2CO)C(O)C(O)C1O,OCC1OC(OC2C(CO)OC(O)C(O)C2O)C(O)C(O)C1O
369,RTI 2,-3.125,1,268.32,0,3,2,49.33000000000001,-2.86,CCN2c1ncccc1N(CC)C(=O)c3cccnc23 ,CCN1C(=O)c2cccnc2N(CC)c2ncccc21
370,Chlorobenzene,-2.975,1,112.55899999999995,0,1,0,0.0,-2.38,Clc1ccccc1,Clc1ccccc1
371,1-Nonene ,-3.427,1,126.243,0,0,6,0.0,-5.05,CCCCCCCC=C,C=CCCCCCCC
372,p-Bromoiodobenzene,-4.754,1,282.90599999999995,0,1,0,0.0,-4.56,Brc1ccc(I)cc1,Brc1ccc(I)cc1
373,allantoin,0.652,1,158.11700000000002,4,1,1,113.32,-1.6,NC(=O)NC1NC(=O)NC1=O ,NC(=O)NC1NC(=O)NC1=O
374,Glafenine,-5.052,1,372.80800000000016,3,3,6,91.68,-4.5710000000000015,OCC(O)COC(=O)c1ccccc1Nc2ccnc3cc(Cl)ccc23,O=C(OCC(O)CO)c1ccccc1Nc1ccnc2cc(Cl)ccc12
375,DDD,-6.007999999999999,1,320.04600000000005,0,2,3,0.0,-7.2,ClC(Cl)C(c1ccc(Cl)cc1)c2ccc(Cl)cc2,Clc1ccc(C(c2ccc(Cl)cc2)C(Cl)Cl)cc1
376,testosterone acetate,-4.449,1,330.46800000000013,0,4,1,43.37000000000001,-5.184,CC(=O)OC3CCC4C2CCC1=CC(=O)CCC1(C)C2CCC34C ,CC(=O)OC1CCC2C3CCC4=CC(=O)CCC4(C)C3CCC12C
377,1-Chloronapthalene,-4.063,1,162.61899999999997,0,2,0,0.0,-3.93,Clc1cccc2ccccc12,Clc1cccc2ccccc12
378,RTI 19,-4.007,1,252.31699999999995,0,3,1,23.55,-4.749,CCN2c1ccccc1N(C)C(=O)c3ccccc23 ,CCN1c2ccccc2C(=O)N(C)c2ccccc21
379,2-Hexanol,-1.324,1,102.17699999999998,1,0,3,20.23,-0.89,CCCCC(C)O,CCCCC(C)O
380,Propylcyclopentane,-3.16,1,112.216,0,1,2,0.0,-4.74,CCCC1CCCC1,CCCC1CCCC1
381,Etomidate,-3.359,1,244.294,0,2,4,44.12,-4.735,CCOC(=O)c1cncn1C(C)c2ccccc2,CCOC(=O)c1cncn1C(C)c1ccccc1
382,"3,4-Dichlorophenol",-3.352,1,163.003,1,1,0,20.23,-1.25,Oc1ccc(Cl)c(Cl)c1,Oc1ccc(Cl)c(Cl)c1
383,Cypermethrin,-6.775,1,416.30400000000014,0,3,6,59.32000000000001,-8.017000000000001,CC1(C)C(C=C(Cl)Cl)C1C(=O)OC(C#N)c2cccc(Oc3ccccc3)c2,CC1(C)C(C=C(Cl)Cl)C1C(=O)OC(C#N)c1cccc(Oc2ccccc2)c1
384,Benzoxazole,-2.214,2,119.12299999999998,0,2,0,26.03,-1.16,c2ccc1ocnc1c2,c1ccc2ocnc2c1
385,1-Pentanol,-1.042,1,88.14999999999998,1,0,3,20.23,-0.6,CCCCCO,CCCCCO
386,"1,3-Difluorobenzene",-2.636,1,114.094,0,1,0,0.0,-2.0,Fc1cccc(F)c1,Fc1cccc(F)c1
387,t-Pentylbenzene,-3.867,1,148.249,0,1,1,0.0,-4.15,CC(C)(C)Cc1ccccc1,CC(C)(C)Cc1ccccc1
388,5-Ethyl-5-phenylbarbital,-2.272,1,232.239,2,2,2,75.27000000000002,-2.322,O=C1NC(=O)NC(=O)C1(CC)c1ccccc1,CCC1(c2ccccc2)C(=O)NC(=O)NC1=O
389,o-Chloroiodobenzene,-4.384,1,238.455,0,1,0,0.0,-3.54,Clc1ccccc1I,Clc1ccccc1I
390,Benzotriazole,-2.21,2,119.12700000000001,1,2,0,41.57,-0.78,c2ccc1[nH]nnc1c2,c1ccc2[nH]nnc2c1
391,Carbofuran,-3.05,1,221.25599999999997,1,2,1,47.56,-2.8,CNC(=O)Oc1cccc2CC(C)(C)Oc12,CNC(=O)Oc1cccc2c1OC(C)(C)C2
392,3-Methyl-2-butanol,-0.954,1,88.14999999999998,1,0,1,20.23,-0.18,CC(C)C(C)O,CC(C)C(C)O
393,benzhydrol,-3.033,1,184.238,1,2,2,20.23,-2.55,c1ccccc1C(O)c2ccccc2,OC(c1ccccc1)c1ccccc1
394,Methyl decanoate,-3.3160000000000003,1,186.295,0,0,8,26.3,-4.69,CCCCCCCCCC(=O)OC,CCCCCCCCCC(=O)OC
395,Dicapthon,-4.188,1,297.656,0,1,5,70.83000000000001,-4.31,COP(=S)(OC)Oc1ccc(cc1Cl)N(=O)=O,COP(=S)(OC)Oc1ccc([N+](=O)[O-])cc1Cl
396,Iodoethane,-2.066,1,155.966,0,0,0,0.0,-1.6,CCI,CCI
397,Pirimicarb,-2.34,1,238.291,0,1,2,58.56000000000001,-1.95,CN(C)C(=O)Oc1nc(nc(C)c1C)N(C)C,Cc1nc(N(C)C)nc(OC(=O)N(C)C)c1C
398,1-Bromohexane,-3.012,1,165.074,0,0,4,0.0,-3.81,CCCCCCBr,CCCCCCBr
399,nifuroxime,-1.843,1,156.09699999999995,1,1,2,88.87,-2.19,ON=Cc1ccc(o1)N(=O)=O ,O=[N+]([O-])c1ccc(C=NO)o1
400,Fluvalinate,-8.057,1,502.92000000000013,1,3,8,71.35,-8.003,CC(C)C(Nc1ccc(cc1Cl)C(F)(F)F)C(=O)OC(C#N)c2cccc(Oc3ccccc3)c2,CC(C)C(Nc1ccc(C(F)(F)F)cc1Cl)C(=O)OC(C#N)c1cccc(Oc2ccccc2)c1
401,Amitrole,-0.674,1,84.08200000000001,2,1,0,67.59,0.522,Nc1nc[nH]n1,Nc1nc[nH]n1
402,Tribromomethane,-2.904,1,252.731,0,0,0,0.0,-1.91,BrC(Br)Br,BrC(Br)Br
403,Trichlorfon,-1.866,1,257.437,1,0,3,55.76000000000001,-0.22,COP(=O)(OC)C(O)C(Cl)(Cl)Cl,COP(=O)(OC)C(O)C(Cl)(Cl)Cl
404,Phosalone,-5.024,1,367.81600000000014,0,2,7,53.6,-5.233,CCOP(=S)(OCC)SCn1c(=O)oc2cc(Cl)ccc12,CCOP(=S)(OCC)SCn1c(=O)oc2cc(Cl)ccc21
405,Coumatetralyl,-5.194,1,292.33400000000006,1,4,1,50.44,-2.84,O=c2c(C3CCCc4ccccc43)c(O)c1ccccc1o2 ,O=c1oc2ccccc2c(O)c1C1CCCc2ccccc21
406,4-Bromophenol,-3.132,1,173.009,1,1,0,20.23,-1.09,Oc1ccc(Br)cc1,Oc1ccc(Br)cc1
407,2-Bromopropane,-1.949,1,122.993,0,0,0,0.0,-1.59,CC(C)Br,CC(C)Br
408,"2,2,4-Trimethylpentane",-3.276,1,114.232,0,0,1,0.0,-4.74,CC(C)CC(C)(C)C,CC(C)CC(C)(C)C
409,"1,3,5-Trinitrobenzene",-2.324,1,213.105,0,1,3,129.42000000000002,-2.89,O=N(=O)c1cc(cc(c1)N(=O)=O)N(=O)=O,O=[N+]([O-])c1cc([N+](=O)[O-])cc([N+](=O)[O-])c1
410,Nimetazepam,-3.557,1,295.29800000000006,0,3,2,75.81,-3.796,CN2C(=O)CN=C(c1ccccc1)c3cc(ccc23)N(=O)=O,CN1C(=O)CN=C(c2ccccc2)c2cc([N+](=O)[O-])ccc21
411,Propane,-1.5530000000000002,1,44.097,0,0,0,0.0,-1.94,CCC,CCC
412,1-aminoacridine,-3.542,1,194.237,1,3,0,38.91,-4.22,Nc2cccc3nc1ccccc1cc23 ,Nc1cccc2nc3ccccc3cc12
413,Dicofol,-6.268,1,370.49,1,2,2,20.23,-5.666,OC(c1ccc(Cl)cc1)(c2ccc(Cl)cc2)C(Cl)(Cl)Cl,OC(c1ccc(Cl)cc1)(c1ccc(Cl)cc1)C(Cl)(Cl)Cl
414,Acenapthene,-3.792,2,154.21199999999996,0,3,0,0.0,-4.63,C1Cc2cccc3cccc1c23,c1cc2c3c(cccc3c1)CC2
415,Dialifos,-5.026,1,393.85400000000016,0,2,8,55.84,-6.34,CCOP(=S)(OCC)SC(CCl)N2C(=O)c1ccccc1C2=O,CCOP(=S)(OCC)SC(CCl)N1C(=O)c2ccccc2C1=O
416,"1,4-Dibromobenzene",-4.298,1,235.906,0,1,0,0.0,-4.07,Brc1ccc(Br)cc1,Brc1ccc(Br)cc1
417,p-Phenylphenol,-3.701,1,170.21099999999998,1,2,1,20.23,-3.48,Oc1ccc(cc1)c2ccccc2,Oc1ccc(-c2ccccc2)cc1
418,Ethyl vinyl ether,-0.857,1,72.10700000000001,0,0,2,9.23,-0.85,CCOC=C,C=COCC
419,1-Butyne,-1.092,1,54.09199999999999,0,0,0,0.0,-1.24,CCC#C,C#CCC
420,4-methoxypteridine,-1.589,1,162.15200000000004,0,2,1,60.790000000000006,-1.11,COc1ncnc2nccnc12 ,COc1ncnc2nccnc12
421,3-Methyl-3-heptanol,-2.017,1,130.23099999999997,1,0,4,20.23,-1.6,CCCCC(C)(O)CC,CCCCC(C)(O)CC
422,"1,4-Dichlorobenzene",-3.5580000000000003,1,147.00400000000005,0,1,0,0.0,-3.27,Clc1ccc(Cl)cc1,Clc1ccc(Cl)cc1
423,3-Ethanoyloxymethylphenytoin,-2.7230000000000003,1,324.33600000000007,1,3,4,75.71,-4.47,O=C1N(COC(=O)C)C(=O)C(N1)(c2ccccc2)c3ccccc3,CC(=O)OCN1C(=O)NC(c2ccccc2)(c2ccccc2)C1=O
424,"Sparsomycin (3,8mg/ml)",-1.57,1,361.44500000000016,4,1,8,132.11999999999998,-1.981,CSCS(=O)CC(CO)NC(=O)C=Cc1c(C)[nH]c(=O)[nH]c1=O,CSCS(=O)CC(CO)NC(=O)C=Cc1c(C)[nH]c(=O)[nH]c1=O
425,3-methylindole,-2.9810000000000003,1,131.17799999999997,1,2,0,15.79,-2.42,Cc1c[nH]c2ccccc12 ,Cc1c[nH]c2ccccc12
426,2-methoxypteridine,-1.589,1,162.15200000000002,0,2,1,60.790000000000006,-1.11,COc2ncc1nccnc1n2,COc1ncc2nccnc2n1
427,Dioxacarb,-1.614,1,223.22799999999995,1,2,2,56.790000000000006,-1.57,CNC(=O)Oc1ccccc1C2OCCO2,CNC(=O)Oc1ccccc1C1OCCO1
428,isocarbamid,-1.508,1,185.227,2,1,2,61.44000000000001,-2.15,C1N(C(=O)NCC(C)C)C(=O)NC1,CC(C)CNC(=O)N1CCNC1=O
429,Acetonitrile,0.152,1,41.053000000000004,0,0,0,23.79,0.26,CC#N,CC#N
430,acetyl sulfisoxazole,-2.024,1,293.34800000000007,1,2,3,89.43,-3.59,CC(=O)N(S(=O)c1ccc(N)cc1)c2onc(C)c2C ,CC(=O)N(c1onc(C)c1C)S(=O)c1ccc(N)cc1
431,"1,1,1,2-Tetrachloroethane",-2.794,1,167.85,0,0,0,0.0,-2.18,ClCC(Cl)(Cl)Cl,ClCC(Cl)(Cl)Cl
432,1-Butanol,-0.688,1,74.12299999999998,1,0,2,20.23,0.0,CCCCO,CCCCO
433,Siduron,-3.779,1,232.32700000000003,2,2,2,41.13,-4.11,CC1CCCCC1NC(=O)Nc2ccccc2,CC1CCCCC1NC(=O)Nc1ccccc1
434,"1,3,5-Trichlorobenzene",-4.159,1,181.449,0,1,0,0.0,-4.48,Clc1cc(Cl)cc(Cl)c1,Clc1cc(Cl)cc(Cl)c1
435,Furfural,-1.391,1,96.08499999999998,0,1,1,30.21,-0.1,O=Cc1ccco1,O=Cc1ccco1
436,3-Methylbutan-1-ol,-1.027,1,88.14999999999998,1,0,2,20.23,-0.51,CC(C)CCO,CC(C)CCO
437,piperonal,-2.033,1,150.13299999999995,0,2,1,35.53,-1.63,O=Cc2ccc1OCOc1c2 ,O=Cc1ccc2c(c1)OCO2
438,2-Methylpropene,-1.5730000000000002,1,56.108,0,0,0,0.0,-2.33,CC(=C)C,C=C(C)C
439,Benzaldehyde,-1.999,1,106.12399999999997,0,1,1,17.07,-1.19,O=Cc1ccccc1,O=Cc1ccccc1
440,Benfuracarb,-5.132999999999999,1,410.5360000000002,0,2,8,68.31,-4.71,CCOC(=O)CCN(SN(C)C(=O)Oc1cccc2CC(C)(C)Oc21)C(C)C,CCOC(=O)CCN(SN(C)C(=O)Oc1cccc2c1OC(C)(C)C2)C(C)C
441,RTI 10,-2.7710000000000004,1,226.235,0,3,0,42.43,-3.672,O2c1ccccc1N(C)C(=O)c3cccnc23 ,CN1C(=O)c2cccnc2Oc2ccccc21
442,Fluorene ,-4.125,2,166.22299999999996,0,3,0,0.0,-5.0,C1c2ccccc2c3ccccc13,c1ccc2c(c1)Cc1ccccc1-2
443,Methylcyclohexane ,-2.891,1,98.189,0,1,0,0.0,-3.85,CC1CCCCC1,CC1CCCCC1
444,sulfaguanidine,-0.706,1,214.25,4,1,2,122.06,-1.99,NC(=N)NS(=O)(=O)c1ccc(N)cc1 ,N=C(N)NS(=O)(=O)c1ccc(N)cc1
445,Methylparaben,-2.441,1,152.149,1,1,1,46.53,-1.827,COC(=O)c1ccc(O)cc1,COC(=O)c1ccc(O)cc1
446,2-Methyltetrahydrofurane,-1.034,1,86.134,0,1,0,9.23,0.11,CC1CCCO1,CC1CCCO1
447,Santonin,-2.43,1,246.30599999999995,0,3,0,43.37000000000001,-3.09,CC3C2CCC1(C)C=CC(=O)C(=C1C2OC3=O)C,CC1=C2C3OC(=O)C(C)C3CCC2(C)C=CC1=O
448,Salicin,-0.975,1,286.28,5,2,4,119.61,-0.85,OCC2OC(Oc1ccccc1CO)C(O)C(O)C2O,OCc1ccccc1OC1OC(CO)C(O)C(O)C1O
449,1-Iodopropane,-2.486,1,169.993,0,0,1,0.0,-2.29,CCCI,CCCI
450,Ametryn,-3.43,1,227.33700000000002,2,1,5,62.73,-3.04,CCNc1nc(NC(C)C)nc(SC)n1,CCNc1nc(NC(C)C)nc(SC)n1
451,1-Propanol,-0.334,1,60.096000000000004,1,0,1,20.23,0.62,CCCO,CCCO
452,benzoin,-3.148,1,212.248,1,2,3,37.3,-2.85,OC(C(=O)c1ccccc1)c2ccccc2,O=C(c1ccccc1)C(O)c1ccccc1
453,"2,4-Dimethylphenol",-2.6210000000000004,1,122.167,1,1,0,20.23,-1.19,Cc1ccc(O)c(C)c1,Cc1ccc(O)c(C)c1
454,ampyrone,-1.192,1,203.245,1,2,1,52.95,-0.624,Cc2c(N)c(=O)n(c1ccccc1)n2C,Cc1c(N)c(=O)n(-c2ccccc2)n1C
455,"2,2',4,5'-PCB",-6.23,1,291.992,0,2,1,0.0,-6.57,Clc1ccc(c(Cl)c1)c2cc(Cl)ccc2Cl ,Clc1ccc(-c2cc(Cl)ccc2Cl)c(Cl)c1
456,"Hexachloro-1,3-butadiene",-4.546,1,260.762,0,0,1,0.0,-4.92,ClC(=C(Cl)C(=C(Cl)Cl)Cl)Cl,ClC(Cl)=C(Cl)C(Cl)=C(Cl)Cl
457,Terbutryn,-3.75,1,241.364,2,1,4,62.73,-4.0,CCNc1nc(NC(C)(C)C)nc(SC)n1,CCNc1nc(NC(C)(C)C)nc(SC)n1
458,3-Methyl-2-pentanol,-1.308,1,102.177,1,0,3,20.23,-0.71,CCC(C)CCO,CCC(C)CCO
459,2-methylpteridine,-1.24,1,146.153,0,2,0,51.56,-0.12,Cc2ncc1nccnc1n2,Cc1ncc2nccnc2n1
460,1-Iodobutane,-2.841,1,184.02,0,0,2,0.0,-2.96,CCCCI,CCCCI
461,2-Bromonapthalene,-4.434,1,207.07,0,2,0,0.0,-4.4,Brc1ccc2ccccc2c1,Brc1ccc2ccccc2c1
462,"Digoxin (L1=41,8mg/mL, L2=68,2mg/mL, Z=40,1mg/mL)",-5.312,1,780.9490000000002,6,8,7,203.06,-4.081,CC1OC(CC(O)C1O)OC2C(O)CC(OC2C)OC8C(O)CC(OC7CCC3(C)C(CCC4C3CC(O)C5(C)C(CCC45O)C6=CC(=O)OC6)C7)OC8C ,CC1OC(OC2C(O)CC(OC3C(O)CC(OC4CCC5(C)C(CCC6C5CC(O)C5(C)C(C7=CC(=O)OC7)CCC65O)C4)OC3C)OC2C)CC(O)C1O
463,Benzyltrifluoride,-3.099,1,146.111,0,1,0,0.0,-2.51,FC(F)(F)c1ccccc1,FC(F)(F)c1ccccc1
464,Dihexyl phthalate,-5.757999999999999,1,334.45600000000024,0,1,12,52.60000000000001,-6.144,CCCCCCOC(=O)c1ccccc1C(=O)OCCCCCC,CCCCCCOC(=O)c1ccccc1C(=O)OCCCCCC
465,"2,3',4,4'-PCB",-6.709,1,326.437,0,2,1,0.0,-7.8,Clc1ccc(c(Cl)c1)c2ccc(Cl)c(Cl)c2Cl ,Clc1ccc(-c2ccc(Cl)c(Cl)c2Cl)c(Cl)c1
466,Warfarin,-3.913,1,308.33300000000014,1,3,4,67.50999999999999,-3.893,CC(=O)CC(c1ccccc1)c3c(O)c2ccccc2oc3=O ,CC(=O)CC(c1ccccc1)c1c(O)c2ccccc2oc1=O
467,hydrobenzoin,-2.645,1,214.264,2,2,3,40.46,-1.93,c1ccccc1C(O)C(O)c2ccccc2,OC(c1ccccc1)C(O)c1ccccc1
468,Dimethyl phthalate,-2.347,1,194.18599999999995,0,1,2,52.60000000000001,-1.66,COC(=O)c1ccccc1C(=O)OC,COC(=O)c1ccccc1C(=O)OC
469,Ethyl octanoate,-2.962,1,172.26799999999997,0,0,7,26.3,-3.39,CCCCCCCC(=O)OCC,CCCCCCCC(=O)OCC
470,"1,2,4,5-Tetrachlorobenzene",-4.621,1,215.894,0,1,0,0.0,-5.56,Clc1cc(Cl)c(Cl)cc1Cl,Clc1cc(Cl)c(Cl)cc1Cl
471,1-Heptene,-2.718,1,98.189,0,0,4,0.0,-3.73,CCCCCC=C,C=CCCCCC
472,Ethirimol,-2.732,1,209.293,2,1,5,57.78,-3.028,CCCCc1c(C)nc(NCC)[nH]c1=O,CCCCc1c(C)nc(NCC)[nH]c1=O
473,o-Chloroaniline,-2.392,1,127.574,1,1,0,26.02,-1.52,Nc1ccccc1Cl,Nc1ccccc1Cl
474,3-Chloroanisole,-3.057,1,142.58499999999995,0,1,1,9.23,-2.78,COc1cccc(Cl)c1,COc1cccc(Cl)c1
475,Pebulate,-3.131,1,203.351,0,0,6,20.31,-3.53,CCCCN(CC)C(=O)SCCC,CCCCN(CC)C(=O)SCCC
476,Butyl acetate,-1.111,1,102.13299999999998,0,0,4,26.3,-1.37,CCCCOC=O,CCCCOC=O
477,Prednisolone,-2.974,1,360.45000000000016,3,4,2,94.83,-3.18,CC12CC(O)C3C(CCC4=CC(=O)C=CC34C)C2CCC1(O)C(=O)CO,CC12C=CC(=O)C=C1CCC1C2C(O)CC2(C)C1CCC2(O)C(=O)CO
478,Bromodichloromethane,-2.176,1,163.82899999999995,0,0,0,0.0,-1.54,BrC(Cl)Cl,ClC(Cl)Br
479,adrenosterone,-2.99,1,300.39800000000014,0,4,0,51.21,-3.48,CC34CC(=O)C1C(CCC2=CC(=O)CCC12C)C3CCC4(=O) ,CC12CC(=O)C3C(CCC4=CC(=O)CCC43C)C1CCC2=O
480,p-terphenyl,-5.7410000000000005,2,230.31,0,3,2,0.0,-7.11,c1ccc(cc1)c2ccc(cc2)c3ccccc3,c1ccc(-c2ccc(-c3ccccc3)cc2)cc1
481,Bromomethane,-1.109,1,94.939,0,0,0,0.0,-0.79,CBr,CBr
482,Perfluidone,-4.945,1,379.381,1,2,4,80.31,-3.8,Cc1cc(ccc1NS(=O)(=O)C(F)(F)F)S(=O)(=O)c2ccccc2,Cc1cc(S(=O)(=O)c2ccccc2)ccc1NS(=O)(=O)C(F)(F)F
483,2-Ethylnaphthalene,-4.1,1,156.22799999999995,0,2,1,0.0,-4.29,CCc1ccc2ccccc2c1,CCc1ccc2ccccc2c1
484,5-methylcytosine,-0.257,1,125.131,2,1,0,71.77000000000002,-1.4580000000000002,Nc1c(C)c[nH]c(=O)n1 ,Cc1c[nH]c(=O)nc1N
485,"2,3,4,5,6-PCB",-6.785,1,326.437,0,2,1,0.0,-7.92,Clc2c(Cl)c(Cl)c(c1ccccc1)c(Cl)c2Cl ,Clc1c(Cl)c(Cl)c(-c2ccccc2)c(Cl)c1Cl
486,Riboflavin,-1.865,1,376.36900000000014,5,3,5,161.56,-3.685,Cc3cc2nc1c(=O)[nH]c(=O)nc1n(CC(O)C(O)C(O)CO)c2cc3C,Cc1cc2nc3c(=O)[nH]c(=O)nc-3n(CC(O)C(O)C(O)CO)c2cc1C
487,o-Fluorobromobenzene,-3.467,1,175.0,0,1,0,0.0,-2.7,Fc1ccccc1Br,Fc1ccccc1Br
488,"2,4-Dichlorophenol ",-3.22,1,163.003,1,1,0,20.23,-1.55,Oc1ccc(Cl)cc1Cl,Oc1ccc(Cl)cc1Cl
489,Permethrin,-7.129,1,391.29400000000015,0,3,6,35.53,-6.291,CC1(C)C(C=C(Cl)Cl)C1C(=O)OCc2cccc(Oc3ccccc3)c2,CC1(C)C(C=C(Cl)Cl)C1C(=O)OCc1cccc(Oc2ccccc2)c1
490,piroxicam,-3.4730000000000003,1,331.353,2,3,2,99.6,-4.16,CN2C(=C(O)c1ccccc1S2(=O)=O)C(=O)Nc3ccccn3 ,CN1C(C(=O)Nc2ccccn2)=C(O)c2ccccc2S1(=O)=O
491,Cyclopentane ,-2.0380000000000003,2,70.135,0,1,0,0.0,-2.64,C1CCCC1,C1CCCC1
492,o-Toluidine,-1.922,1,107.156,1,1,0,26.02,-2.21,Cc1ccccc1N,Cc1ccccc1N
493,Estragole,-3.074,1,148.205,0,1,3,9.23,-2.92,c1(OC)ccc(CC=C)cc1,C=CCc1ccc(OC)cc1
494,karbutilate,-2.655,1,279.34,2,1,2,70.67,-2.93,CN(C)C(=O)Nc1cccc(OC(=O)NC(C)(C)C)c1 ,CN(C)C(=O)Nc1cccc(OC(=O)NC(C)(C)C)c1
495,3-Methyl-1-Butene,-1.994,1,70.135,0,0,1,0.0,-2.73,CC(C)C=C,C=CC(C)C
496,2-Hydroxypyridine,-1.655,1,95.101,1,1,0,33.120000000000005,1.02,Oc1ccccn1,Oc1ccccn1
497,Ethane,-1.132,1,30.07,0,0,0,0.0,-1.36,CC,CC
498,"1,2-Dichlorobenzene",-3.482,1,147.00399999999996,0,1,0,0.0,-3.05,Clc1ccccc1Cl,Clc1ccccc1Cl
499,mercaptobenzothiazole,-3.411,1,167.25799999999995,1,2,0,12.89,-3.18,Sc2nc1ccccc1s2 ,Sc1nc2ccccc2s1
500,"2,2',3,3',4,4',5,5',6,6'-PCB",-9.589,1,498.6620000000002,0,2,1,0.0,-11.6,Clc1c(Cl)c(Cl)c(c(Cl)c1Cl)c2c(Cl)c(Cl)c(Cl)c(Cl)c2Cl ,Clc1c(Cl)c(Cl)c(-c2c(Cl)c(Cl)c(Cl)c(Cl)c2Cl)c(Cl)c1Cl
501,Acetamide,0.494,1,59.068000000000005,1,0,0,43.09,1.58,CC(=O)N,CC(N)=O
502,1-Methylnaphthalene,-3.802,1,142.201,0,2,0,0.0,-3.7,Cc1cccc2ccccc12,Cc1cccc2ccccc12
503,Methyl pentanoate,-1.545,1,116.15999999999998,0,0,3,26.3,-1.36,CCCC(=O)OCC,CCCC(=O)OCC
504,Menadione,-2.667,1,172.18299999999996,0,2,0,34.14,-3.03,CC2=CC(=O)c1ccccc1C2=O ,CC1=CC(=O)c2ccccc2C1=O
505,Phenanthrene,-4.518,2,178.23399999999995,0,3,0,0.0,-5.26,c1ccc2c(c1)ccc3ccccc32,c1ccc2c(c1)ccc1ccccc12
506,"2,4-Dimethylpyridine",-2.0980000000000003,1,107.156,0,1,0,12.89,0.38,Cc1ccnc(C)c1,Cc1ccnc(C)c1
507,Dibromomethane,-1.883,1,173.83499999999995,0,0,0,0.0,-1.17,BrCBr,BrCBr
508,Dexamethasone,-3.4,1,392.46700000000016,3,4,2,94.83,-3.59,CC1CC2C3CCC4=CC(=O)C=CC4(C)C3(F)C(O)CC2(C)C1(O)C(=O)CO,CC1CC2C3CCC4=CC(=O)C=CC4(C)C3(F)C(O)CC2(C)C1(O)C(=O)CO
509,Butylate,-3.4530000000000003,1,217.378,0,0,5,20.31,-3.68,CCSC(=O)N(CC(C)C)CC(C)C,CCSC(=O)N(CC(C)C)CC(C)C
510,nitroglycerin,-2.029,1,227.085,0,0,8,157.11,-2.22,O=N(=O)OCC(CON(=O)=O)ON(=O)=O ,O=[N+]([O-])OCC(CO[N+](=O)[O-])O[N+](=O)[O-]
511,m-Nitroaniline,-1.936,1,138.126,1,1,1,69.16,-2.19,Nc1cccc(c1)N(=O)=O,Nc1cccc([N+](=O)[O-])c1
512,Fluridone,-4.249,1,329.321,0,3,2,22.0,-4.445,Cn2cc(c1ccccc1)c(=O)c(c2)c3cccc(c3)C(F)(F)F,Cn1cc(-c2ccccc2)c(=O)c(-c2cccc(C(F)(F)F)c2)c1
513,6-aminochrysene,-4.849,1,243.30900000000003,1,4,0,26.02,-6.2,Nc3cc2c1ccccc1ccc2c4ccccc34 ,Nc1cc2c3ccccc3ccc2c2ccccc12
514,Estrone,-3.872,1,270.372,1,4,0,37.3,-3.955,CC12CCC3C(CCc4cc(O)ccc34)C2CCC1=O,CC12CCC3c4ccc(O)cc4CCC3C1CCC2=O
515,RTI 17,-4.227,1,269.373,0,3,1,19.37,-4.706,CCN2c1ccccc1N(C)C(=S)c3cccnc23 ,CCN1c2ccccc2N(C)C(=S)c2cccnc21
516,"1,3-diethylthiourea",-1.028,1,132.232,2,0,2,24.06,-1.46,CCNC(=S)NCC,CCNC(=S)NCC
517,"2,3,5-Trichlorophenol",-3.78,1,197.448,1,1,0,20.23,-2.67,Oc1cc(Cl)cc(Cl)c1Cl,Oc1cc(Cl)cc(Cl)c1Cl
518,Aniline ,-1.632,1,93.129,1,1,0,26.02,-0.41,Nc1ccccc1,Nc1ccccc1
519,"1,5-Dimethlnapthalene",-4.147,1,156.22799999999998,0,2,0,0.0,-4.6789999999999985,Cc1cccc2c(C)cccc12,Cc1cccc2c(C)cccc12
520,Acenapthylene,-3.682,2,152.19599999999994,0,3,0,0.0,-3.96,C1=Cc2cccc3cccc1c23,C1=Cc2cccc3cccc1c23
521,Ethyl butyrate,-2.254,1,144.21399999999997,0,0,5,26.3,-1.28,CCCCCOC(=O)CC,CCCCCOC(=O)CC
522,Benzo(a)pyrene,-6.0070000000000014,2,252.316,0,5,0,0.0,-8.699,c1ccc2c(c1)cc3ccc4cccc5ccc2c3c45,c1ccc2c(c1)cc1ccc3cccc4ccc2c1c34
523,3-Hexyne,-1.933,1,82.14599999999999,0,0,0,0.0,-1.99,CCC#CCC,CCC#CCC
524,2-Methyl-1-Butene,-1.994,1,70.13499999999999,0,0,1,0.0,-2.73,CCC(=C)C,C=C(C)CC
525,"1,2,3,4-Tetrahydronapthalene",-3.447,2,132.20599999999996,0,2,0,0.0,-4.37,C1CCc2ccccc2C1,c1ccc2c(c1)CCCC2
526,phenolphthalein,-4.59,1,318.3280000000001,2,4,2,66.76,-2.9,Oc1ccc(cc1)C2(OC(=O)c3ccccc23)c4ccc(O)cc4 ,O=C1OC(c2ccc(O)cc2)(c2ccc(O)cc2)c2ccccc21
527,"1,3,5-Tribromobenzene",-5.27,1,314.802,0,1,0,0.0,-5.6,Brc1cc(Br)cc(Br)c1,Brc1cc(Br)cc(Br)c1
528,Ronnel,-5.247000000000001,1,321.54900000000004,0,1,4,27.69,-5.72,COP(=S)(OC)Oc1cc(Cl)c(Cl)cc1Cl,COP(=S)(OC)Oc1cc(Cl)c(Cl)cc1Cl
529,methylthiouracil,-0.547,1,142.18300000000005,2,1,0,48.65,-2.436,Cc1cc(=O)[nH]c(=S)[nH]1,Cc1cc(=O)[nH]c(=S)[nH]1
530,5-Allyl-5-isopropylbarbital,-1.706,1,210.233,2,1,3,75.27000000000002,-1.7080000000000002,O=C1NC(=O)NC(=O)C1(C(C)C)CC=C,C=CCC1(C(C)C)C(=O)NC(=O)NC1=O
531,Pyrene,-4.957,2,202.256,0,4,0,0.0,-6.176,c1cc2ccc3cccc4ccc(c1)c2c34,c1cc2ccc3cccc4ccc(c1)c2c34
532,"1,1-Diethoxyethane ",-0.899,1,118.176,0,0,4,18.46,-0.43,CCOC(C)OCC,CCOC(C)OCC
533,Clomazone,-3.077,1,239.702,0,2,2,29.54,-2.338,CC1(C)CON(Cc2ccccc2Cl)C1=O,CC1(C)CON(Cc2ccccc2Cl)C1=O
534,Quintozene,-5.098,1,295.336,0,1,1,43.14,-5.82,Clc1c(Cl)c(Cl)c(N(=O)=O)c(Cl)c1Cl,O=[N+]([O-])c1c(Cl)c(Cl)c(Cl)c(Cl)c1Cl
535,Flurochloridone,-4.749,1,312.118,0,2,2,20.31,-4.047,FC(F)(F)c1cccc(c1)N2CC(CCl)C(Cl)C2=O,O=C1C(Cl)C(CCl)CN1c1cccc(C(F)(F)F)c1
536,Quinoline,-2.6630000000000003,2,129.16199999999998,0,2,0,12.89,-1.3,c1ccc2ncccc2c1,c1ccc2ncccc2c1
537,methyl gallate,-1.913,1,184.14700000000002,3,1,1,86.99000000000002,-1.24,COC(=O)c1cc(O)c(O)c(O)c1 ,COC(=O)c1cc(O)c(O)c(O)c1
538,Chlorzoxazone,-2.679,1,169.567,1,2,0,46.0,-2.8310000000000004,Clc2ccc1oc(=O)[nH]c1c2,O=c1[nH]c2cc(Cl)ccc2o1
539,"2,2',3,4,4',5',6-PCB",-7.898,1,395.32700000000017,0,2,1,0.0,-7.92,Clc1ccc(c(Cl)c1)c2c(Cl)c(Cl)c(Cl)c(Cl)c2Cl,Clc1ccc(-c2c(Cl)c(Cl)c(Cl)c(Cl)c2Cl)c(Cl)c1
540,alloxan,0.436,1,142.07,2,1,0,92.34,-1.25,O=C1NC(=O)C(=O)C(=O)N1 ,O=C1NC(=O)C(=O)C(=O)N1
541,"1,3-Dichloropropane",-1.618,1,112.987,0,0,2,0.0,-1.62,ClCCCCl,ClCCCCl
542,m-Fluorobromobenzene,-3.467,1,175.0,0,1,0,0.0,-2.67,Fc1cccc(Br)c1,Fc1cccc(Br)c1
543,p-Chlorobromobenzene,-3.928,1,191.455,0,1,0,0.0,-3.63,Clc1ccc(Br)cc1,Clc1ccc(Br)cc1
544,"2,3-Dimethylbutane",-2.584,1,86.178,0,0,1,0.0,-3.65,CC(C)C(C)C,CC(C)C(C)C
545,1-Butene,-1.655,1,56.108000000000004,0,0,1,0.0,-1.94,CCC=C,C=CCC
546,"2,2',3,4,5,5'-PCB",-7.343,1,360.88200000000006,0,2,1,0.0,-7.68,Clc1ccc(Cl)c(c1)c2cc(Cl)c(Cl)c(Cl)c2Cl,Clc1ccc(Cl)c(-c2cc(Cl)c(Cl)c(Cl)c2Cl)c1
547,"1,1,2-Trichlorotrifluoroethane",-3.077,1,187.37500000000003,0,0,1,0.0,-3.04,FC(F)(Cl)C(F)(Cl)Cl,FC(F)(Cl)C(F)(Cl)Cl
548,"O,P'-DDD",-6.007999999999999,1,320.04600000000005,0,2,3,0.0,-6.51,ClC(Cl)C(c1ccc(Cl)cc1)c2ccccc2Cl ,Clc1ccc(C(c2ccccc2Cl)C(Cl)Cl)cc1
549,o-Nitroanisole,-2.346,1,153.13699999999997,0,1,2,52.37,-1.96,COc1ccccc1N(=O)=O,COc1ccccc1[N+](=O)[O-]
550,Benzo[ghi]perylene,-6.4460000000000015,2,276.33799999999997,0,6,0,0.0,-9.018,c1cc2ccc3ccc4ccc5cccc6c(c1)c2c3c4c56,c1cc2ccc3ccc4ccc5cccc6c(c1)c2c3c4c56
551,Glycerol,0.688,1,92.094,3,0,2,60.69,1.12,OCC(O)CO,OCC(O)CO
552,Guaiacol,-1.941,1,124.13899999999997,1,1,1,29.46,-1.96,COc1ccccc1O ,COc1ccccc1O
553,9-Methylanthracene,-4.87,1,192.261,0,3,0,0.0,-5.89,Cc1c2ccccc2cc3ccccc13,Cc1c2ccccc2cc2ccccc12
554,Methyl butyl ether ,-1.072,1,88.14999999999998,0,0,3,9.23,-0.99,CCCCOC,CCCCOC
555,simazine,-2.8110000000000004,1,201.66099999999997,2,1,4,62.73,-4.55,CCNc1nc(Cl)nc(NCC)n1 ,CCNc1nc(Cl)nc(NCC)n1
556,"N,N-Dimethylacetamide",0.123,1,87.12199999999999,0,0,0,20.31,1.11,CN(C)C(=O)C,CC(=O)N(C)C
557,Simetryn,-2.689,1,213.31,0,1,3,45.15000000000001,-2.676,CSc1nc(nc(n1)N(C)C)N(C)C,CSc1nc(N(C)C)nc(N(C)C)n1
558,Ethylene,-0.815,1,28.053999999999995,0,0,0,0.0,-0.4,C=C,C=C
559,"3,3-Dimethyl-1-butanol",-1.365,1,102.177,1,0,1,20.23,-0.5,CC(C)(C)CCO,CC(C)(C)CCO
560,5-Allyl-5-ethylbarbital,-1.368,1,196.206,2,1,3,75.27000000000002,-1.614,O=C1NC(=O)NC(=O)C1(CC)CC=C,C=CCC1(CC)C(=O)NC(=O)NC1=O
561,Anisole,-2.3680000000000003,1,108.13999999999996,0,1,1,9.23,-1.85,COc1ccccc1,COc1ccccc1
562,chloropropylate,-5.093,1,339.21800000000013,1,2,4,46.53,-4.53,c1ccc(Cl)cc1C(c2ccc(Cl)cc2)(O)C(=O)OC(C)C,CC(C)OC(=O)C(O)(c1ccc(Cl)cc1)c1cccc(Cl)c1
563,aldosterone,-3.0660000000000003,1,360.4500000000001,2,4,3,91.67000000000002,-3.85,CC13CCC(=O)C=C1CCC4C2CCC(C(=O)CO)C2(CC(O)C34)C=O ,CC12CCC(=O)C=C1CCC1C2C(O)CC2(C=O)C(C(=O)CO)CCC12
564,Difenoxuron,-3.928,1,286.33099999999996,1,2,4,50.8,-4.16,COc2ccc(Oc1ccc(NC(=O)N(C)C)cc1)cc2,COc1ccc(Oc2ccc(NC(=O)N(C)C)cc2)cc1
565,"1,3-Dinitrobenzene",-2.281,1,168.10799999999998,0,1,2,86.28,-2.29,O=N(=O)c1cccc(c1)N(=O)=O,O=[N+]([O-])c1cccc([N+](=O)[O-])c1
566,Ethion,-5.471,1,384.48700000000014,0,0,12,36.92,-5.54,CCOP(=S)(OCC)SCSP(=S)(OCC)OCC,CCOP(=S)(OCC)SCSP(=S)(OCC)OCC
567,cortisone acetate,-3.426,1,402.48700000000025,1,4,3,97.74,-4.21,CC(=O)OCC(=O)C3(O)CCC4C2CCC1=CC(=O)CCC1(C)C2C(=O)CC34C ,CC(=O)OCC(=O)C1(O)CCC2C3CCC4=CC(=O)CCC4(C)C3C(=O)CC21C
568,p-Chloroaniline,-2.392,1,127.574,1,1,0,26.02,-1.66,Nc1ccc(Cl)cc1,Nc1ccc(Cl)cc1
569,"2,2-Dimethylpentanol",-1.719,1,116.20399999999998,1,0,3,20.23,-1.52,CCCC(C)(C)CO,CCCC(C)(C)CO
570,Furane,-1.837,2,68.07499999999999,0,1,0,13.14,-0.82,c1ccoc1,c1ccoc1
571,Methoproptryne,-3.259,1,271.39,2,1,8,71.96000000000002,-2.928,COCCCNc1nc(NC(C)C)nc(SC)n1,COCCCNc1nc(NC(C)C)nc(SC)n1
572,Norea,-2.47,1,222.33199999999997,1,3,1,32.34,-3.1710000000000003,CN(C)C(=O)NC1CC2CC1C3CCCC23,CN(C)C(=O)NC1CC2CC1C1CCCC21
573,t-Butylbenzene ,-3.554,1,134.22199999999998,0,1,0,0.0,-3.66,CC(C)(C)c1ccccc1,CC(C)(C)c1ccccc1
574,kebuzone,-2.645,1,322.3640000000001,0,3,5,57.69000000000001,-3.27,CC(=O)CCC1C(=O)N(N(C1=O)c2ccccc2)c3ccccc3,CC(=O)CCC1C(=O)N(c2ccccc2)N(c2ccccc2)C1=O
575,prednisolone acetate,-3.507,1,402.48700000000014,2,4,3,100.90000000000002,-4.37,CC(=O)OCC(=O)C3(O)CCC4C2CCC1=CC(=O)C=CC1(C)C2C(O)CC34C ,CC(=O)OCC(=O)C1(O)CCC2C3CCC4=CC(=O)C=CC4(C)C3C(O)CC21C
576,Methyl propyl ether ,-0.718,1,74.12299999999998,0,0,2,9.23,-0.39,CCCOC,CCCOC
577,Isopropyl acetate,-1.1909999999999998,1,102.133,0,0,1,26.3,-0.55,CC(C)OC(=O)C,CC(=O)OC(C)C
578,Bromobenzene,-3.345,1,157.01,0,1,0,0.0,-2.55,Brc1ccccc1,Brc1ccccc1
579,3-Butanoyloxymethylphenytoin,-3.469,1,352.3900000000001,1,3,6,75.71,-5.0710000000000015,O=C1N(COC(=O)CCC)C(=O)C(N1)(c2ccccc2)c3ccccc3,CCCC(=O)OCN1C(=O)NC(c2ccccc2)(c2ccccc2)C1=O
580,Coronene,-6.885,2,300.36000000000007,0,7,0,0.0,-9.332,c1cc2ccc3ccc4ccc5ccc6ccc1c7c2c3c4c5c67,c1cc2ccc3ccc4ccc5ccc6ccc1c1c2c3c4c5c61
581,allopurinol,-0.84,1,136.114,2,2,0,74.43,-2.266,O=c1[nH]cnc2[nH]ncc12 ,O=c1[nH]cnc2[nH]ncc12
582,Chloroethylene,-1.188,1,62.498999999999995,0,0,0,0.0,-1.75,ClC=C,C=CCl
583,diphenamid,-3.147,1,239.31799999999998,0,2,3,20.31,-2.98,CN(C)C(=O)C(c1ccccc1)c2ccccc2 ,CN(C)C(=O)C(c1ccccc1)c1ccccc1
584,Tetrabromomethane,-4.063,1,331.6269999999999,0,0,0,0.0,-3.14,BrC(Br)(Br)Br,BrC(Br)(Br)Br
585,RTI 22,-4.408,1,296.374,1,3,2,48.47,-4.871,CCN2c1cc(N(C)C)cc(C)c1NC(=O)c3cccnc23 ,CCN1c2cc(N(C)C)cc(C)c2NC(=O)c2cccnc21
586,Methyl benzoate ,-2.462,1,136.14999999999998,0,1,1,26.3,-1.85,COC(=O)c1ccccc1,COC(=O)c1ccccc1
587,1-methyluracil,-0.375,1,126.115,1,1,0,54.86,-0.807,Cn1ccc(=O)[nH]c1=O,Cn1ccc(=O)[nH]c1=O
588,oxyphenbutazone,-3.739,1,324.38000000000005,1,3,5,60.85000000000001,-3.73,CCCCC1C(=O)N(N(C1=O)c2ccc(O)cc2)c3ccccc3 ,CCCCC1C(=O)N(c2ccccc2)N(c2ccc(O)cc2)C1=O
589,"2,2',3,5'-PCB",-6.155,1,291.99200000000013,0,2,1,0.0,-6.47,Clc1ccc(Cl)c(c1)c2cccc(Cl)c2Cl ,Clc1ccc(Cl)c(-c2cccc(Cl)c2Cl)c1
590,Quinethazone,-2.184,1,289.74400000000014,3,2,2,101.29,-3.29,CCC2NC(=O)c1cc(c(Cl)cc1N2)S(N)(=O)=O,CCC1NC(=O)c2cc(S(N)(=O)=O)c(Cl)cc2N1
591,Cyclopentene ,-1.72,2,68.11900000000001,0,1,0,0.0,-2.1,C1CC=CC1,C1=CCCC1
592,alloxantin,0.919,1,286.156,6,2,1,191.0,-1.99,C1(=O)NC(=O)NC(=O)C1(O)C2(O)C(=O)NC(=O)NC2(=O),O=C1NC(=O)C(O)(C2(O)C(=O)NC(=O)NC2=O)C(=O)N1
593,Nonane,-3.678,1,128.259,0,0,6,0.0,-5.88,CCCCCCCCC,CCCCCCCCC
594,2-Chlorophenol,-2.553,1,128.558,1,1,0,20.23,-1.06,Oc1ccccc1Cl,Oc1ccccc1Cl
595,5-Methylchrysene,-5.931,1,242.321,0,4,0,0.0,-6.59,c1cccc2c3c(C)cc4ccccc4c3ccc12,Cc1cc2ccccc2c2ccc3ccccc3c12
596,Phenetole,-2.66,1,122.16699999999996,0,1,2,9.23,-2.33,CCOc1ccccc1,CCOc1ccccc1
597,ethyl cinnamate,-3.0980000000000003,1,176.215,0,1,3,26.3,-3.0,CCOC(=O)C=Cc1ccccc1,CCOC(=O)C=Cc1ccccc1
598,Terbacil,-3.033,1,216.668,1,1,0,54.86,-2.484,Cc1[nH]c(=O)n(c(=O)c1Cl)C(C)(C)C,Cc1[nH]c(=O)n(C(C)(C)C)c(=O)c1Cl
599,Chlorbufam,-3.629,1,223.65900000000002,1,1,2,38.33,-2.617,CC(OC(=O)Nc1cccc(Cl)c1)C#C,C#CC(C)OC(=O)Nc1cccc(Cl)c1
600,2-Methylheptane,-3.3080000000000003,1,114.232,0,0,4,0.0,-5.08,CCCCCC(C)C,CCCCCC(C)C
601,Cyhalothrin,-6.905,1,449.85600000000017,0,3,6,59.32000000000001,-8.176,CC1(C)C(C=C(Cl)C(F)(F)F)C1C(=O)OC(C#N)c2cccc(Oc3ccccc3)c2,CC1(C)C(C=C(Cl)C(F)(F)F)C1C(=O)OC(C#N)c1cccc(Oc2ccccc2)c1
602,fensulfothion,-3.283,1,308.3610000000001,0,1,7,44.76000000000001,-2.3,CCOP(=S)(OCC)Oc1ccc(cc1)S(C)=O ,CCOP(=S)(OCC)Oc1ccc(S(C)=O)cc1
603,borneol,-2.423,1,154.253,1,2,0,20.23,-2.32,CC1(C)C2CCC1(C)C(O)C2,CC1(C)C2CCC1(C)C(O)C2
604,Testosterone,-3.659,1,288.431,1,4,0,37.3,-4.02,CC12CCC3C(CCC4=CC(=O)CCC34C)C2CCC1O,CC12CCC(=O)C=C1CCC1C2CCC2(C)C(O)CCC12
605,Heptane,-2.97,1,100.205,0,0,4,0.0,-4.53,CCCCCCC,CCCCCCC
606,1-Napthol,-3.08,1,144.17299999999997,1,2,0,20.23,-2.22,Oc1cccc2ccccc12,Oc1cccc2ccccc12
607,Cholanthrene,-5.942,2,254.332,0,5,0,0.0,-7.85,C1Cc2c3c1cccc3cc4c2ccc5ccccc54,c1cc2c3c(c4ccc5ccccc5c4cc3c1)CC2
608,2-Heptanone,-1.554,1,114.188,0,0,4,17.07,-1.45,CCCCCC(=O)C,CCCCCC(C)=O
609,DEF,-4.074,1,314.5220000000001,0,0,12,17.07,-5.14,CCCCSP(=O)(SCCCC)SCCCC,CCCCSP(=O)(SCCCC)SCCCC
610,phthalamide,-0.636,1,149.149,1,2,0,46.17,-2.932,c1cC2C(=O)NC(=O)C2cc1,O=C1NC(=O)C2C=CC=CC12
611,Trichlomethiazide,-2.98,1,380.662,3,2,2,118.36,-2.68,NS(=O)(=O)c2cc1c(NC(NS1(=O)=O)C(Cl)Cl)cc2Cl ,NS(=O)(=O)c1cc2c(cc1Cl)NC(C(Cl)Cl)NS2(=O)=O
612,2-Methy-2-Butene,-1.994,1,70.13499999999999,0,0,0,0.0,-2.56,CC=C(C)C,CC=C(C)C
613,"1,2,4-Trimethylbenzene",-3.343,1,120.195,0,1,0,0.0,-3.31,Cc1ccc(C)c(C)c1,Cc1ccc(C)c(C)c1
614,phenanthridine,-3.713,2,179.22199999999995,0,3,0,12.89,-2.78,c1ccc2c(c1)cnc3ccccc23 ,c1ccc2c(c1)cnc1ccccc12
615,Octane,-3.324,1,114.23200000000001,0,0,5,0.0,-5.24,CCCCCCCC,CCCCCCCC
616,Anthracene,-4.518,2,178.23399999999995,0,3,0,0.0,-6.35,c1ccc2cc3ccccc3cc2c1,c1ccc2cc3ccccc3cc2c1
617,Phenylhydrazine,-1.866,1,108.14399999999998,2,1,1,38.05,0.07,NNc1ccccc1,NNc1ccccc1
618,Propionaldehyde,-0.394,1,58.08,0,0,1,17.07,0.58,CCC=O,CCC=O
619,Cyclooctane,-3.355,2,112.216,0,1,0,0.0,-4.15,C1CCCCCCC1,C1CCCCCCC1
620,"5,5-Diallylbarbital",-1.471,1,208.217,2,1,4,75.27000000000002,-2.077,O=C1NC(=O)NC(=O)C1(CC=C)CC=C,C=CCC1(CC=C)C(=O)NC(=O)NC1=O
621,Trichloromethane,-1.812,1,119.378,0,0,0,0.0,-1.17,ClC(Cl)Cl,ClC(Cl)Cl
622,Pencycuron,-5.126,1,328.843,1,3,4,32.34,-5.915,Clc1ccc(CN(C2CCCC2)C(=O)Nc3ccccc3)cc1,O=C(Nc1ccccc1)N(Cc1ccc(Cl)cc1)C1CCCC1
623,1-Methylcyclohexene ,-2.574,1,96.17300000000002,0,1,0,0.0,-3.27,CC1=CCCCC1,CC1=CCCCC1
624,2-Ethylhexanal,-2.232,1,128.21499999999997,0,0,5,17.07,-2.13,CCCCC(CC)C=O,CCCCC(C=O)CC
625,Khellin,-3.603,1,260.24499999999995,0,3,2,61.81,-3.0210000000000004,COc2c1occc1c(OC)c3c(=O)cc(C)oc23 ,COc1c2occc2c(OC)c2c(=O)cc(C)oc12
626,5-Ethyl-5-(3-methylbutyl)barbital,-2.312,1,226.27599999999995,2,1,4,75.27000000000002,-2.658,O=C1NC(=O)NC(=O)C1(CC)CCC(C)C,CCC1(CCC(C)C)C(=O)NC(=O)NC1=O
627,Benzo(j)fluoranthene,-6.0070000000000014,2,252.316,0,5,0,0.0,-8.0,c1ccc2c3c(ccc2c1)c4cccc5cccc3c45,c1ccc2c3c(ccc2c1)-c1cccc2cccc-3c12
628,2-Ethylbutanal,-1.523,1,100.161,0,0,3,17.07,-1.52,CCC(CC)C=O,CCC(C=O)CC
629,Dipropyl ether,-1.426,1,102.177,0,0,4,9.23,-1.62,CCCOCCC,CCCOCCC
630,"2,3,6-Trichlorophenol",-3.572,1,197.448,1,1,0,20.23,-2.64,Oc1c(Cl)ccc(Cl)c1Cl,Oc1c(Cl)ccc(Cl)c1Cl
631,Urea,0.8320000000000001,1,60.056000000000004,2,0,0,69.11,0.96,NC(=O)N,NC(N)=O
632,1-Pentyne,-1.446,1,68.11899999999999,0,0,1,0.0,-1.64,CCCC#C,C#CCCC
633,"1,3-Dibromobenzene",-4.298,1,235.906,0,1,0,0.0,-3.54,Brc1cccc(Br)c1,Brc1cccc(Br)c1
634,1-Octadecanol,-5.649,1,270.50099999999986,1,0,16,20.23,-8.4,CCCCCCCCCCCCCCCCCCO,CCCCCCCCCCCCCCCCCCO
635,Acetanilide,-1.857,1,135.16599999999997,1,1,1,29.1,-1.33,CC(=O)Nc1ccccc1,CC(=O)Nc1ccccc1
636,Isonazid,-0.7170000000000001,1,137.14200000000002,2,1,1,68.01,0.009000000000000001,c1nccc(C(=O)NN)c1,NNC(=O)c1ccncc1
637,hydroxychlordene,-4.1560000000000015,1,354.87499999999983,1,3,0,20.23,-5.46,OC1C=CC2C1C3(Cl)C(=C(Cl)C2(Cl)C3(Cl)Cl)Cl ,OC1C=CC2C1C1(Cl)C(Cl)=C(Cl)C2(Cl)C1(Cl)Cl
638,Isopentyl formate,-1.449,1,116.15999999999998,0,0,4,26.3,-1.52,CC(C)CCOC=O,CC(C)CCOC=O
639,Acetophenone,-2.0780000000000003,1,120.15099999999997,0,1,1,17.07,-1.28,CC(=O)c1ccccc1,CC(=O)c1ccccc1
640,biquinoline,-4.9030000000000005,2,256.308,0,4,1,25.78,-5.4,c2ccc1nc(ccc1c2)c4ccc3ccccc3n4 ,c1ccc2nc(-c3ccc4ccccc4n3)ccc2c1
641,Triethyl phosphate,-0.953,1,182.156,0,0,6,44.76000000000001,0.43,CCOP(=O)(OCC)OCC,CCOP(=O)(OCC)OCC
642,D-fenchone,-2.158,1,152.237,0,2,0,17.07,-1.85,CC2(C)C1CCC(C)(C1)C2=O,CC12CCC(C1)C(C)(C)C2=O
643,7-methoxypteridine,-1.589,1,162.15200000000002,0,2,1,60.790000000000006,-0.91,COc2cnc1cncnc1n2,COc1cnc2cncnc2n1
644,Chlordene,-5.152,1,338.876,0,3,0,0.0,-5.64,ClC2=C(Cl)C3(Cl)C1C=CCC1C2(Cl)C3(Cl)Cl ,ClC1=C(Cl)C2(Cl)C3CC=CC3C1(Cl)C2(Cl)Cl
645,2-Nitropropane,-0.743,1,89.094,0,0,1,43.14,-0.62,CC(C)N(=O)=O,CC(C)[N+](=O)[O-]
646,Carbazole,-3.836,2,167.21099999999996,1,3,0,15.79,-5.27,c1ccc2c(c1)[nH]c3ccccc32,c1ccc2c(c1)[nH]c1ccccc12
647,Succinimide,0.282,1,99.089,1,1,0,46.17,0.3,O=C1CCC(=O)N1,O=C1CCC(=O)N1
648,"2,3-Dimethylpentane",-2.938,1,100.20499999999998,0,0,2,0.0,-4.28,CCC(C)C(C)C,CCC(C)C(C)C
649,bupirimate,-3.4930000000000003,1,316.42700000000013,1,1,8,84.42,-4.16,CCCCc1c(C)nc(NCC)nc1OS(=O)(=O)N(C)C ,CCCCc1c(C)nc(NCC)nc1OS(=O)(=O)N(C)C
650,RTI 16,-3.411,1,270.361,0,3,1,32.260000000000005,-4.634,CCN2c1ncccc1N(C)C(=S)c3cccnc23 ,CCN1c2ncccc2C(=S)N(C)c2cccnc21
651,RTI 9,-3.784,1,239.274,0,3,1,29.54,-3.68,O2c1ccccc1N(CC)C(=O)c3ccccc23 ,CCN1C(=O)c2ccccc2Oc2ccccc21
652,1-Heptyne,-2.155,1,96.173,0,0,3,0.0,-3.01,CCCCCC#C,C#CCCCCC
653,3-Methylcholanthrene,-6.311,1,268.3589999999999,0,5,0,0.0,-7.92,c1cc(C)cc2c1c3cc4cccc5CCc(c45)c3cc2,Cc1ccc2c(ccc3c4c5c(cccc5cc32)CC4)c1
654,1-Chloro-2-methylpropane,-1.924,1,92.569,0,0,1,0.0,-2.0,ClCC(C)C,CC(C)CCl
655,Ethinyl estradiol,-4.317,1,296.41,2,4,0,40.46,-4.3,CC34CCC1C(CCc2cc(O)ccc12)C3CCC4(O)C#C ,C#CC1(O)CCC2C3CCc4cc(O)ccc4C3CCC21C
656,Di-n-propylsulfide,-2.307,1,118.245,0,0,4,0.0,-2.58,CCCSCCC,CCCSCCC
657,Napthacene,-5.568,2,228.294,0,4,0,0.0,-8.6,c1ccc2cc3cc4ccccc4cc3cc2c1,c1ccc2cc3cc4ccccc4cc3cc2c1
658,1-Bromopentane,-2.658,1,151.047,0,0,3,0.0,-3.08,CCCCCBr,CCCCCBr
659,trans-2-Heptene ,-2.784,1,98.18899999999998,0,0,3,0.0,-3.82,CCCC/C=C/C,C/C=C/CCCC
660,Metranidazole,-0.8590000000000001,1,171.15599999999995,1,1,3,81.19,-1.26,Cc1ncc(N(=O)=O)n1CCO ,Cc1ncc([N+](=O)[O-])n1CCO
661,Pentylcyclopentane,-3.869,1,140.26999999999998,0,1,4,0.0,-6.08,CCCCCC1CCCC1,CCCCCC1CCCC1
662,"2,2',3,5,5',6-PCB",-7.261,1,360.88200000000006,0,2,1,0.0,-7.42,Clc1ccc(Cl)c(c1)c2c(Cl)c(Cl)cc(Cl)c2Cl ,Clc1ccc(Cl)c(-c2c(Cl)c(Cl)cc(Cl)c2Cl)c1
663,5-Ethyl-5-isopropylbarbituric acid,-1.6030000000000002,1,198.222,2,1,2,75.27000000000002,-2.148,O=C1NC(=O)NC(=O)C1(CC)C(C)C,CCC1(C(C)C)C(=O)NC(=O)NC1=O
664,"1,1,1-Trichloroethane",-2.232,1,133.405,0,0,0,0.0,-2.0,CC(Cl)(Cl)Cl,CC(Cl)(Cl)Cl
665,Monolinuron,-2.948,1,214.65200000000002,1,1,2,41.57,-2.57,CON(C)C(=O)Nc1ccc(Cl)cc1,CON(C)C(=O)Nc1ccc(Cl)cc1
666,dimetan,-2.3040000000000003,1,211.26099999999997,0,1,1,46.61,-0.85,CN(C)C(=O)OC1=CC(=O)CC(C)(C)C1 ,CN(C)C(=O)OC1=CC(=O)CC(C)(C)C1
667,Diethyl ether ,-0.718,1,74.123,0,0,2,9.23,-0.09,CCOCC,CCOCC
668,Rovral,-4.004,1,330.17100000000005,1,2,2,69.72,-4.376,CC(C)NC(=O)N1CC(=O)N(C1=O)c2cc(Cl)cc(Cl)c2,CC(C)NC(=O)N1CC(=O)N(c2cc(Cl)cc(Cl)c2)C1=O
669,Benfluralin,-5.205,1,335.2820000000001,0,1,7,89.51999999999998,-5.53,CCCCN(CC)c1c(cc(cc1N(=O)=O)C(F)(F)F)N(=O)=O,CCCCN(CC)c1c([N+](=O)[O-])cc(C(F)(F)F)cc1[N+](=O)[O-]
670,"2,4,6-Trimethylphenol",-2.9410000000000003,1,136.194,1,1,0,20.23,-2.05,Cc1cc(C)c(O)c(C)c1,Cc1cc(C)c(O)c(C)c1
671,p-Chloroiodobenzene,-4.384,1,238.455,0,1,0,0.0,-4.03,Clc1ccc(I)cc1,Clc1ccc(I)cc1
672,Metoxuron,-2.6830000000000003,1,228.679,1,1,2,41.57,-2.564,COc1ccc(NC(=O)N(C)C)cc1Cl,COc1ccc(NC(=O)N(C)C)cc1Cl
673,propachlor,-3.018,1,211.69200000000004,0,1,3,20.31,-2.48,CC(C)N(C(=O)CCl)c1ccccc1 ,CC(C)N(C(=O)CCl)c1ccccc1
674,Dimethoxymethane,0.092,1,76.095,0,0,2,18.46,0.48,COCOC,COCOC
675,o-Xylene ,-3.004,1,106.168,0,1,0,0.0,-2.8,Cc1ccccc1C,Cc1ccccc1C
676,Butan-2-ol,-0.616,1,74.12299999999998,1,0,1,20.23,0.47,CCC(C)O,CCC(C)O
677,"1,4-Benzenediol",-1.59,1,110.11199999999998,2,1,0,40.46,-0.17,Oc1ccc(O)cc1,Oc1ccc(O)cc1
678,estriol,-3.858,1,288.387,3,4,0,60.69,-4.955,CC34CCC1C(CCc2cc(O)ccc12)C3CC(O)C4O ,CC12CCC3c4ccc(O)cc4CCC3C1CC(O)C2O
679,Benzo(b)fluorene,-5.189,2,216.283,0,4,0,0.0,-8.04,C1c2ccccc2c3cc4ccccc4cc13,c1ccc2c(c1)Cc1cc3ccccc3cc1-2
680,hydantoin,0.603,1,100.07700000000001,2,1,0,58.2,-0.4,O=C1CNC(=O)N1 ,O=C1CNC(=O)N1
681,4-hexylresorcinol,-3.4930000000000003,1,194.27399999999992,2,1,5,40.46,-2.59,c1(O)cc(O)ccc1CCCCCC,CCCCCCc1ccc(O)cc1O
682,allicin,-2.045,1,162.27899999999997,0,0,5,17.07,-0.83,C=CCS(=O)SCC=C,C=CCSS(=O)CC=C
683,"5,6-Dimethylchrysene",-6.265,1,256.348,0,4,0,0.0,-7.01,Cc1c(C)c2c3ccccc3ccc2c4ccccc14,Cc1c(C)c2c3ccccc3ccc2c2ccccc12
684,Betamethasone-17-valerate,-5.062,1,476.58500000000015,2,4,6,100.90000000000002,-4.71,CCCCC(=O)OC3(C(C)CC4C2CCC1=CC(=O)C=CC1(C)C2(F)C(O)CC34C)C(=O)CO,CCCCC(=O)OC1(C(=O)CO)C(C)CC2C3CCC4=CC(=O)C=CC4(C)C3(F)C(O)CC21C
685,uric acid,-0.541,1,168.112,4,2,0,114.36999999999998,-3.93,O=c2[nH]c(=O)c1[nH]c(=O)[nH]c1[nH]2 ,O=c1[nH]c(=O)c2[nH]c(=O)[nH]c2[nH]1
686,"2,3,4,6-Tetrachlorophenol",-4.203,1,231.893,1,1,0,20.23,-3.1,Oc1c(Cl)cc(Cl)c(Cl)c1Cl,Oc1c(Cl)cc(Cl)c(Cl)c1Cl
687,"1,3-Dichlorobenzene",-3.5580000000000003,1,147.004,0,1,0,0.0,-3.04,Clc1cccc(Cl)c1,Clc1cccc(Cl)c1
688,DDT,-6.638,1,354.491,0,2,2,0.0,-7.15,Clc1ccc(cc1)C(c2ccc(Cl)cc2)C(Cl)(Cl)Cl,Clc1ccc(C(c2ccc(Cl)cc2)C(Cl)(Cl)Cl)cc1
689,Isobutyl formate,-1.095,1,102.13299999999998,0,0,3,26.3,-1.01,CC(C)COC=O,CC(C)COC=O
690,thioanisole,-2.87,1,124.208,0,1,1,0.0,-2.39,c1ccccc1SC,CSc1ccccc1
691,Hexane ,-2.615,1,86.178,0,0,3,0.0,-3.84,CCCCCC,CCCCCC
692,methyl nicotinate,-1.621,1,137.138,0,1,1,39.19,-0.46,COC(=O)c1cccnc1 ,COC(=O)c1cccnc1
693,Bendroflumethiazide,-3.741,1,421.42200000000014,3,3,3,118.36,-3.59,NS(=O)(=O)c3cc2c(NC(Cc1ccccc1)NS2(=O)=O)cc3C(F)(F)F,NS(=O)(=O)c1cc2c(cc1C(F)(F)F)NC(Cc1ccccc1)NS2(=O)=O
694,"2,3,3',4,4',5-PCB",-7.425,1,360.88200000000006,0,2,1,0.0,-7.82,Clc1ccc(cc1Cl)c2cc(Cl)c(Cl)c(Cl)c2Cl ,Clc1ccc(-c2cc(Cl)c(Cl)c(Cl)c2Cl)cc1Cl
695,Vinclozolin,-4.377,1,286.1140000000001,0,2,2,46.61,-4.925,CC1(OC(=O)N(C1=O)c2cc(Cl)cc(Cl)c2)C=C,C=CC1(C)OC(=O)N(c2cc(Cl)cc(Cl)c2)C1=O
696,Cyanazine,-2.49,1,240.69799999999998,2,1,4,86.52,-3.15,CCNc1nc(Cl)nc(NC(C)(C)C#N)n1,CCNc1nc(Cl)nc(NC(C)(C)C#N)n1
697,Dienestrol,-4.775,1,266.34,2,2,3,40.46,-4.95,CC=C(C(=CC)c1ccc(O)cc1)c2ccc(O)cc2,CC=C(C(=CC)c1ccc(O)cc1)c1ccc(O)cc1
698,Di(2-ethylhexyl)-phthalate,-7.117000000000001,1,390.5640000000003,0,1,14,52.60000000000001,-6.96,CCCCC(CC)COC(=O)c1ccccc1C(=O)OCC(CC)CCCC,CCCCC(CC)COC(=O)c1ccccc1C(=O)OCC(CC)CCCC
699,2-Ethyl pyridine,-2.051,1,107.15599999999998,0,1,1,12.89,0.51,CCc1ccccn1,CCc1ccccn1
700,Biphenyl,-4.079,2,154.21199999999996,0,2,1,0.0,-4.345,c1ccc(cc1)c2ccccc2,c1ccc(-c2ccccc2)cc1
701,"2,2',4,4',6,6'-PCB",-7.1789999999999985,1,360.88200000000006,0,2,1,0.0,-8.71,Clc1cc(Cl)c(c(Cl)c1)c2c(Cl)cc(Cl)cc2Cl ,Clc1cc(Cl)c(-c2c(Cl)cc(Cl)cc2Cl)c(Cl)c1
702,Altretamine,-2.492,1,210.285,0,1,3,48.39000000000001,-3.364,CN(C)c1nc(nc(n1)N(C)C)N(C)C,CN(C)c1nc(N(C)C)nc(N(C)C)n1
703,"2,4-Dimethyl-2-pentanol ",-1.6469999999999998,1,116.20399999999998,1,0,2,20.23,-0.92,CC(C)CC(C)(C)O,CC(C)CC(C)(C)O
704,Fructose,0.471,1,180.15599999999998,5,1,2,110.38,0.64,OCC1OC(O)(CO)C(O)C1O,OCC1OC(O)(CO)C(O)C1O
705,Barban,-4.16,1,258.10400000000004,1,1,2,38.33,-4.37,ClCC#CCOC(=O)Nc1cccc(Cl)c1,O=C(Nc1cccc(Cl)c1)OCC#CCCl
706,p-Chloroacetanilide,-2.642,1,169.611,1,1,1,29.1,-2.843,CC(=O)Nc1ccc(Cl)cc1,CC(=O)Nc1ccc(Cl)cc1
707,"2,2',3,4,5,5',6-PCB",-7.898,1,395.32700000000017,0,2,1,0.0,-8.94,Clc1ccc(Cl)c(c1)c2c(Cl)c(Cl)c(Cl)c(Cl)c2Cl,Clc1ccc(Cl)c(-c2c(Cl)c(Cl)c(Cl)c(Cl)c2Cl)c1
708,"2,2-Dimethylbutane",-2.584,1,86.17799999999998,0,0,0,0.0,-3.55,CCC(C)(C)C,CCC(C)(C)C
709,"1,4-Pentadiene ",-1.758,1,68.119,0,0,2,0.0,-2.09,C=CCC=C,C=CCC=C
710,Hydrocortisone 21-acetate,-3.692,1,404.50300000000016,2,4,3,100.90000000000002,-4.88,CC(=O)OCC(=O)C1(O)CCC2C3CCC4=CC(=O)CCC4(C)C3C(O)CC21C,CC(=O)OCC(=O)C1(O)CCC2C3CCC4=CC(=O)CCC4(C)C3C(O)CC21C
711,m-Chlorobromobenzene,-3.928,1,191.455,0,1,0,0.0,-3.21,Clc1cccc(Br)c1,Clc1cccc(Br)c1
712,5-Methyl-5-ethylbarbituric acid,-0.911,1,170.16799999999995,2,1,1,75.27000000000002,-1.228,O=C1NC(=O)NC(=O)C1(C)CC,CCC1(C)C(=O)NC(=O)NC1=O
713,2-Phenoxyethanol,-1.761,1,138.16599999999997,1,1,3,29.46,-0.7,OCCOc1ccccc1,OCCOc1ccccc1
714,Diphenylmethane,-4.09,2,168.239,0,2,2,0.0,-4.08,C(c1ccccc1)c2ccccc2,c1ccc(Cc2ccccc2)cc1
715,Flumetralin,-6.584,1,421.73400000000015,0,2,6,89.51999999999998,-6.78,CCN(Cc1c(F)cccc1Cl)c2c(cc(cc2N(=O)=O)C(F)(F)F)N(=O)=O,CCN(Cc1c(F)cccc1Cl)c1c([N+](=O)[O-])cc(C(F)(F)F)cc1[N+](=O)[O-]
716,Propazine,-3.329,1,229.71500000000003,2,1,4,62.73,-4.43,CC(C)Nc1nc(Cl)nc(NC(C)C)n1,CC(C)Nc1nc(Cl)nc(NC(C)C)n1
717,2-Methylpentanol,-1.381,1,102.177,1,0,3,20.23,-1.11,CCCC(C)CO,CCCC(C)CO
718,2-Methyl-2-hexanol,-1.663,1,116.20399999999998,1,0,3,20.23,-1.08,CCCCC(C)(C)O,CCCCC(C)(C)O
719,Ethylbenzene,-2.988,1,106.16799999999996,0,1,1,0.0,-2.77,CCc1ccccc1,CCc1ccccc1
720,5-(3-Methyl-2-butenyl)-5-ethylbarbital,-2.126,1,224.26,2,1,3,75.27000000000002,-2.253,O=C1NC(=O)NC(=O)C1(CC)CC=C(C)C,CCC1(CC=C(C)C)C(=O)NC(=O)NC1=O
721,butallylonal,-2.766,1,303.156,2,1,4,75.27000000000002,-2.647,CCC(C)C1(CC(Br)=C)C(=O)NC(=O)NC1=O ,C=C(Br)CC1(C(C)CC)C(=O)NC(=O)NC1=O
722,Fenpropathrin,-6.15,1,349.43000000000006,0,3,5,59.32000000000001,-6.025,CC1(C)C(C(=O)OC(C#N)c2cccc(Oc3ccccc3)c2)C1(C)C,CC1(C)C(C(=O)OC(C#N)c2cccc(Oc3ccccc3)c2)C1(C)C
723,Ethyl propionate,-1.1909999999999998,1,102.133,0,0,2,26.3,-0.66,CCOC(=O)CC,CCOC(=O)CC
724,Buturon,-3.199,1,236.702,1,1,2,32.34,-3.9,CC(C#C)N(C)C(=O)Nc1ccc(Cl)cc1,C#CC(C)N(C)C(=O)Nc1ccc(Cl)cc1
725,"2,3-Dimethylnaphthalene",-4.1160000000000005,1,156.22799999999995,0,2,0,0.0,-4.72,Cc1cc2ccccc2cc1C,Cc1cc2ccccc2cc1C
726,"2,4',5-PCB",-5.7620000000000005,1,257.547,0,2,1,0.0,-6.25,Clc1ccc(cc1)c2cc(Cl)ccc2Cl ,Clc1ccc(-c2cc(Cl)ccc2Cl)cc1
727,"2,3',4,4',5-PCB",-7.343,1,360.88200000000006,0,2,1,0.0,-7.39,Clc1ccc(c(Cl)c1)c2cc(Cl)c(Cl)c(Cl)c2Cl ,Clc1ccc(-c2cc(Cl)c(Cl)c(Cl)c2Cl)c(Cl)c1
728,2-cyanoguanidine,0.361,1,84.08200000000001,2,0,0,88.19,-0.31,NC(N)=NC#N ,N#CN=C(N)N
729,Chloropicrin,-1.866,1,164.375,0,0,0,43.14,-2.0,ClC(Cl)(Cl)N(=O)=O,O=[N+]([O-])C(Cl)(Cl)Cl
730,p-Methoxybenzaldehyde,-2.252,1,136.14999999999998,0,1,2,26.3,-1.49,COc1ccc(C=O)cc1,COc1ccc(C=O)cc1
731,4-Nitroacetanilide,-2.219,1,180.163,1,1,2,72.24000000000002,-2.692,CC(=O)Nc1ccc(cc1)N(=O)=O,CC(=O)Nc1ccc([N+](=O)[O-])cc1
732,Ethyl heptanoate,-2.608,1,158.241,0,0,6,26.3,-2.74,CCCCCCC(=O)OCC,CCCCCCC(=O)OCC
733,p-Hydroxyacetanilide,-1.495,1,151.165,2,1,1,49.33,-1.03,CC(=O)Nc1ccc(O)cc1,CC(=O)Nc1ccc(O)cc1
734,indazole,-2.34,2,118.13899999999998,1,2,0,28.68,-2.16,c2ccc1[nH]ncc1c2 ,c1ccc2[nH]ncc2c1
735,triamcinolone acetonide,-3.928,1,434.50400000000025,2,5,2,93.06000000000002,-4.31,CC5(C)OC4CC3C2CCC1=CC(=O)C=CC1(C)C2(F)C(O)CC3(C)C4(O5)C(=O)CO ,CC1(C)OC2CC3C4CCC5=CC(=O)C=CC5(C)C4(F)C(O)CC3(C)C2(C(=O)CO)O1
736,Methyl acetate,-0.416,1,74.07900000000002,0,0,0,26.3,0.46,COC(=O)C,COC(C)=O
737,Stanolone,-3.882,1,290.44699999999995,1,4,0,37.3,-4.743,CC34CCC1C(CCC2CC(=O)CCC12C)C3CCC4O ,CC12CCC3C(CCC4CC(=O)CCC43C)C1CCC2O
738,1-Hexene-3-ol,-1.199,1,100.161,1,0,3,20.23,-0.59,CCCC(O)C=C,C=CC(O)CCC
739,norbormide,-4.238,1,511.58100000000013,2,7,5,92.18,-3.931,OC(C1=CC2C5C(C1C2=C(c3ccccc3)c4ccccn4)C(=O)NC5=O)(c6ccccc6)c7ccccn7 ,O=C1NC(=O)C2C3C(C(O)(c4ccccc4)c4ccccn4)=CC(C3=C(c3ccccc3)c3ccccn3)C12
740,Dibutyl ether ,-2.135,1,130.231,0,0,6,9.23,-1.85,CCCCOCCCC,CCCCOCCCC
741,RTI 6,-3.335,1,313.3610000000001,2,3,4,81.59000000000002,-3.36,CCN2c1nc(N(C)(CCO))ccc1NC(=O)c3cccnc23 ,CCN1c2nc(N(C)CCO)ccc2NC(=O)c2cccnc21
742,2-Methyl-2-pentanol,-1.308,1,102.17699999999998,1,0,2,20.23,-0.49,CCCC(C)(C)O,CCCC(C)(C)O
743,Flucytosine,-0.132,1,129.09399999999997,2,1,0,71.77,-0.972,Nc1nc(=O)[nH]cc1F,Nc1nc(=O)[nH]cc1F
744,stadacaine,-5.127999999999999,1,293.4070000000001,0,1,9,38.77,-3.84,CCCCOc1ccc(C(=O)OCC)c(c1)N(CC)CC ,CCCCOc1ccc(C(=O)OCC)c(N(CC)CC)c1
745,2-Methyl-2-heptanol,-2.017,1,130.231,1,0,4,20.23,-1.72,CCCCCC(C)(C)O,CCCCCC(C)(C)O
746,Hexamethylbenzene,-4.3610000000000015,1,162.27599999999995,0,1,0,0.0,-5.23,Cc1c(C)c(C)c(C)c(C)c1C,Cc1c(C)c(C)c(C)c(C)c1C
747,Thymol,-3.129,1,150.22099999999998,1,1,1,20.23,-2.22,CC(C)c1ccc(C)cc1O,Cc1ccc(C(C)C)c(O)c1
748,Pteridine,-0.906,2,132.12599999999998,0,2,0,51.56,0.02,c2cnc1ncncc1n2,c1cnc2ncncc2n1
749,Parathion,-3.949,1,291.2650000000001,0,1,7,70.83000000000001,-4.66,CCOP(=S)(OCC)Oc1ccc(cc1)N(=O)=O,CCOP(=S)(OCC)Oc1ccc([N+](=O)[O-])cc1
750,1-Nitronapthalene,-3.414,1,173.171,0,2,1,43.14,-3.54,O=N(=O)c1cccc2ccccc12,O=[N+]([O-])c1cccc2ccccc12
751,3-Methyl-2-pentanone,-1.266,1,100.161,0,0,2,17.07,-0.67,CCC(C)C(=O)C,CCC(C)C(C)=O
752,isoguanine,-1.74,1,151.129,3,2,0,100.71,-3.401,Nc1nc(O)nc2nc[nH]c12 ,Nc1nc(O)nc2nc[nH]c12
753,bromadiolone,-7.877000000000002,1,527.4140000000001,2,5,6,70.67,-4.445,OC(CC(c1ccccc1)c3c(O)c2ccccc2oc3=O)c4ccc(cc4)c5ccc(Br)cc5 ,O=c1oc2ccccc2c(O)c1C(CC(O)c1ccc(-c2ccc(Br)cc2)cc1)c1ccccc1
754,"1,5-Hexadiene ",-2.112,1,82.14599999999999,0,0,3,0.0,-2.68,C=CCCC=C,C=CCCC=C
755,Indole,-2.654,2,117.15099999999997,1,2,0,15.79,-1.52,c2ccc1[nH]ccc1c2,c1ccc2[nH]ccc2c1
756,Androstenedione,-3.393,1,286.415,0,4,0,34.14,-3.69,CC34CCC1C(CCC2=CC(=O)CCC12C)C3CCC4=O,CC12CCC3C(CCC4=CC(=O)CCC43C)C1CCC2=O
757,Xipamide,-3.642,1,354.81500000000017,3,2,3,109.48999999999998,-3.79,Cc1cccc(C)c1NC(=O)c2cc(c(Cl)cc2O)S(N)(=O)=O,Cc1cccc(C)c1NC(=O)c1cc(S(N)(=O)=O)c(Cl)cc1O
758,Ethylcyclohexane,-3.245,1,112.216,0,1,1,0.0,-4.25,CCC1CCCCC1,CCC1CCCCC1
759,2-Nonanone,-2.263,1,142.24200000000002,0,0,6,17.07,-2.58,CCCCCCCC(=O)C,CCCCCCCC(C)=O
760,Mebendazole,-4.118,1,295.298,2,3,3,84.07999999999998,-3.88,COC(=O)Nc2nc1ccc(cc1[nH]2)C(=O)c3ccccc3,COC(=O)Nc1nc2ccc(C(=O)c3ccccc3)cc2[nH]1
761,Chloropham,-3.544,1,213.664,1,1,2,38.33,-3.38,CC(C)OC(=O)Nc1cccc(Cl)c1,CC(C)OC(=O)Nc1cccc(Cl)c1
762,RTI 12,-3.446,1,288.73800000000006,0,3,1,49.33000000000001,-4.114,CCN2c1nc(Cl)ccc1N(C)C(=O)c3cccnc23 ,CCN1c2ncccc2C(=O)N(C)c2ccc(Cl)nc21
763,Carbaryl,-3.087,1,201.225,1,2,1,38.33,-3.224,CNC(=O)Oc1cccc2ccccc12,CNC(=O)Oc1cccc2ccccc12
764,Ethyne,-0.252,1,26.038,0,0,0,0.0,0.29,C#C,C#C
765,"3,5-Dimethylpyridine",-2.0980000000000003,1,107.15599999999998,0,1,0,12.89,0.38,Cc1cncc(C)c1,Cc1cncc(C)c1
766,Mecarbam,-3.738,1,329.3800000000001,0,0,8,65.07000000000001,-2.518,CCOC(=O)N(C)C(=O)CSP(=S)(OCC)OCC,CCOC(=O)N(C)C(=O)CSP(=S)(OCC)OCC
767,1-Phenylethanol,-1.919,1,122.16699999999996,1,1,1,20.23,-0.92,CC(O)c1ccccc1,CC(O)c1ccccc1
768,2-Ethyl-2-hexanal,-2.081,1,126.19899999999998,0,0,4,17.07,-2.46,CCCC=C(CC)C=O,CCCC=C(C=O)CC
769,Disulfoton,-3.975,1,274.413,0,0,9,18.46,-4.23,CCOP(=S)(OCC)SCCSCC,CCOP(=S)(OCC)SCCSCC
770,methyltestosterone acetate,-4.863,1,344.4950000000002,0,4,1,43.37000000000001,-5.284,CC(=O)OC3(C)CCC4C2CCC1=CC(=O)CCC1(C)C2CCC34C ,CC(=O)OC1(C)CCC2C3CCC4=CC(=O)CCC4(C)C3CCC21C
771,"2,4,6-PCB",-5.604,1,257.547,0,2,1,0.0,-6.14,Clc1ccc(cc1)c2c(Cl)cccc2Cl ,Clc1ccc(-c2c(Cl)cccc2Cl)cc1
772,difluron,-4.692,1,310.687,2,2,2,58.2,-6.02,Fc1cccc(F)c1C(=O)NC(=O)Nc2ccc(Cl)cc2,O=C(NC(=O)c1c(F)cccc1F)Nc1ccc(Cl)cc1
773,Triclosan,-5.645,1,289.545,1,2,2,29.46,-4.46,Oc1cc(Cl)ccc1Oc2ccc(Cl)cc2Cl,Oc1cc(Cl)ccc1Oc1ccc(Cl)cc1Cl
774,Corticosterone,-3.454,1,346.46700000000016,2,4,2,74.6,-3.24,CC12CC(O)C3C(CCC4=CC(=O)CCC34C)C2CCC1C(=O)CO,CC12CCC(=O)C=C1CCC1C2C(O)CC2(C)C(C(=O)CO)CCC12
775,"1,3,5-Trimethylbenzene ",-3.375,1,120.19499999999998,0,1,0,0.0,-3.4,Cc1cc(C)cc(C)c1,Cc1cc(C)cc(C)c1
776,dioctyl phthalate,-7.148,1,390.56400000000036,0,1,16,52.60000000000001,-5.115,CCCCCCCCOC(=O)c1ccccc1C(=O)OCCCCCCCC ,CCCCCCCCOC(=O)c1ccccc1C(=O)OCCCCCCCC
777,1-Pentadecanol,-4.586,1,228.41999999999996,1,0,13,20.23,-6.35,CCCCCCCCCCCCCCCO,CCCCCCCCCCCCCCCO
778,"2,2',6,6'-PCB",-5.915,1,291.992,0,2,1,0.0,-7.39,Clc1cccc(Cl)c1c2c(Cl)cccc2Cl ,Clc1cccc(Cl)c1-c1c(Cl)cccc1Cl
779,"5,5-Dimethylbarbituric acid",-0.556,1,156.141,2,1,0,75.27000000000002,-1.742,O=C1NC(=O)NC(=O)C1(C)C,CC1(C)C(=O)NC(=O)NC1=O
780,2-Iodopropane,-2.486,1,169.993,0,0,0,0.0,-2.09,CC(C)I,CC(C)I
781,"1,2-Dinitrobenzene",-2.281,1,168.10799999999998,0,1,2,86.28,-3.1,O=N(=O)c1ccccc1N(=O)=O,O=[N+]([O-])c1ccccc1[N+](=O)[O-]
782,Hexadecane,-6.159,1,226.44799999999992,0,0,13,0.0,-8.4,CCCCCCCCCCCCCCCC,CCCCCCCCCCCCCCCC
783,"1,8-Cineole",-2.579,1,154.253,0,3,0,9.23,-1.74,CC12CCC(CC1)C(C)(C)O2,CC12CCC(CC1)C(C)(C)O2
784,Tricyclazole,-2.8680000000000003,1,189.243,0,3,0,30.19,-2.07,Cc2cccc3sc1nncn1c23 ,Cc1cccc2sc3nncn3c12
785,2-Octanone,-1.909,1,128.21499999999997,0,0,5,17.07,-2.05,CCCCCCC(=O)C,CCCCCCC(C)=O
786,"1,4-Difluorobenzene",-2.636,1,114.094,0,1,0,0.0,-1.97,Fc1ccc(F)cc1,Fc1ccc(F)cc1
787,Trifluralin,-5.205,1,335.2820000000001,0,1,7,89.51999999999998,-5.68,CCCN(CCC)c1c(cc(cc1N(=O)=O)C(F)(F)F)N(=O)=O,CCCN(CCC)c1c([N+](=O)[O-])cc(C(F)(F)F)cc1[N+](=O)[O-]
788,Ethanol,0.02,1,46.068999999999996,1,0,0,20.23,1.1,CCO,CCO
789,Cyclopentyl-5-spirobarbituric acid,-0.966,1,182.179,2,2,0,75.27,-2.349,O=C2NC(=O)C1(CCCC1)C(=O)N2,O=C1NC(=O)C2(CCCC2)C(=O)N1
790,Carbetamide,-2.29,1,236.271,2,1,4,67.42999999999999,-1.83,c1c(NC(=O)OC(C)C(=O)NCC)cccc1,CCNC(=O)C(C)OC(=O)Nc1ccccc1
791,phenothrin,-6.763,1,350.45800000000014,0,3,6,35.53,-5.24,CC(C)=CC3C(C(=O)OCc2cccc(Oc1ccccc1)c2)C3(C)C ,CC(C)=CC1C(C(=O)OCc2cccc(Oc3ccccc3)c2)C1(C)C
792,Cycluron,-2.629,1,198.30999999999992,1,1,1,32.34,-2.218,CN(C)C(=O)NC1CCCCCCC1,CN(C)C(=O)NC1CCCCCCC1
793,1-Bromooctane,-3.721,1,193.128,0,0,6,0.0,-5.06,CCCCCCCCBr,CCCCCCCCBr
794,Benomyl,-2.902,1,290.323,2,2,4,85.25,-4.883,CCCCNC(=O)n1c(NC(=O)OC)nc2ccccc12,CCCCNC(=O)n1c(NC(=O)OC)nc2ccccc21
795,aminopyrine,-2.129,1,231.299,0,2,2,30.17,-0.364,CN(C)c2c(C)n(C)n(c1ccccc1)c2=O ,Cc1c(N(C)C)c(=O)n(-c2ccccc2)n1C
796,p-Nitrotoluene,-2.64,1,137.138,0,1,1,43.14,-2.49,Cc1ccc(cc1)N(=O)=O,Cc1ccc([N+](=O)[O-])cc1
797,4-Methylpentanol,-1.381,1,102.177,1,0,3,20.23,-1.14,CC(C)CCCO,CC(C)CCCO
798,Norethisterone,-2.669,1,314.42500000000007,2,4,0,57.53,-4.57,CC34CCC1C(CCC2=CC(=O)CCC12O)C3CCC4(O)C#C,C#CC1(O)CCC2C3CCC4=CC(=O)CCC4(O)C3CCC21C
799,bromopropylate,-5.832999999999998,1,428.12000000000006,1,2,4,46.53,-4.93,CC(C)OC(=O)C(O)(c1ccc(Br)cc1)c2ccc(Br)cc2 ,CC(C)OC(=O)C(O)(c1ccc(Br)cc1)c1ccc(Br)cc1
800,Pyrazon,-2.603,1,221.64700000000002,1,2,1,60.91,-2.878,Nc2cnn(c1ccccc1)c(=O)c2Cl,Nc1cnn(-c2ccccc2)c(=O)c1Cl
801,2-Methylbutan-2-ol,-0.954,1,88.14999999999998,1,0,1,20.23,0.15,CCC(C)(C)O,CCC(C)(C)O
802,p-Cresol,-2.313,1,108.14,1,1,0,20.23,-0.73,Cc1ccc(O)cc1,Cc1ccc(O)cc1
803,"N,N-Dimethylaniline",-2.542,1,121.18299999999996,0,1,1,3.24,-1.92,CN(C)c1ccccc1,CN(C)c1ccccc1
804,Decalin,-3.715,2,138.254,0,2,0,0.0,-5.19,C1CCC2CCCCC2C1,C1CCC2CCCCC2C1
805,Benzo(e)pyrene,-6.0070000000000014,2,252.316,0,5,0,0.0,-7.8,c1ccc2c(c1)c3cccc4ccc5cccc2c5c43,c1ccc2c(c1)c1cccc3ccc4cccc2c4c31
806,Tetrachloroethylene,-3.063,1,165.834,0,0,0,0.0,-2.54,ClC(=C(Cl)Cl)Cl,ClC(Cl)=C(Cl)Cl
807,Acrylonitrile,-0.354,1,53.06399999999999,0,0,0,23.79,0.15,C=CC#N,C=CC#N
808,Flumethasone,-3.539,1,410.45700000000016,3,4,2,94.83,-5.613,CC1CC2C3CC(F)C4=CC(=O)C=CC4(C)C3(F)C(O)CC2(C)C1(O)C(=O)CO,CC1CC2C3CC(F)C4=CC(=O)C=CC4(C)C3(F)C(O)CC2(C)C1(O)C(=O)CO
809,"1,2-Dibromoethane",-2.102,1,187.862,0,0,1,0.0,-1.68,BrCCBr,BrCCBr
810,Isoprocarb,-2.734,1,193.246,1,1,2,38.33,-2.863,CNC(=O)Oc1ccccc1C(C)C,CNC(=O)Oc1ccccc1C(C)C
811,Niridazole,-1.948,1,214.206,1,2,2,88.37,-3.22,O=C1NCCN1c2ncc(s2)N(=O)=O,O=C1NCCN1c1ncc([N+](=O)[O-])s1
812,2-Chloroanisole,-2.912,1,142.58499999999995,0,1,1,9.23,-2.46,COc1ccccc1Cl,COc1ccccc1Cl
813,Bromophos,-5.604,1,366.0,0,1,4,27.69,-6.09,COP(=S)(OC)Oc1cc(Cl)c(Br)cc1Cl,COP(=S)(OC)Oc1cc(Cl)c(Br)cc1Cl
814,Quinonamid,-3.988,1,332.57000000000005,1,2,3,63.24,-5.03,ClC(Cl)CC(=O)NC2=C(Cl)C(=O)c1ccccc1C2=O,O=C(CC(Cl)Cl)NC1=C(Cl)C(=O)c2ccccc2C1=O
815,"P,P'-DDD",-6.007999999999999,1,320.04600000000005,0,2,3,0.0,-7.2,ClC(Cl)C(c1ccc(Cl)cc1)c2ccc(Cl)cc2 ,Clc1ccc(C(c2ccc(Cl)cc2)C(Cl)Cl)cc1
816,Chloroxuron,-4.477,1,290.75,1,2,3,41.57000000000001,-4.89,CN(C)C(=O)Nc2ccc(Oc1ccc(Cl)cc1)cc2,CN(C)C(=O)Nc1ccc(Oc2ccc(Cl)cc2)cc1
817,Azobenzene,-4.034,2,182.226,0,2,2,24.72,-4.45,N(=Nc1ccccc1)c2ccccc2,c1ccc(N=Nc2ccccc2)cc1
818,4-Isopropyltoluene,-3.617,1,134.22199999999998,0,1,1,0.0,-3.77,CC(C)c1ccc(C)cc1,Cc1ccc(C(C)C)cc1
819,"2,6-Dichlorophenol",-3.012,1,163.003,1,1,0,20.23,-1.79,Oc1c(Cl)cccc1Cl,Oc1c(Cl)cccc1Cl
820,Sucrose,0.31,1,342.29699999999997,8,2,5,189.53,0.79,OCC2OC(OC1(CO)OC(CO)C(O)C1O)C(O)C(O)C2O ,OCC1OC(OC2(CO)OC(CO)C(O)C2O)C(O)C(O)C1O
821,d-inositol,-0.887,1,180.15599999999998,6,1,0,121.38,0.35,OC1C(O)C(O)C(O)C(O)C1O,OC1C(O)C(O)C(O)C(O)C1O
822,Dyphylline,-0.847,1,254.24599999999995,2,2,3,102.28,-0.17,Cn2c(=O)n(C)c1ncn(CC(O)CO)c1c2=O,Cn1c(=O)c2c(ncn2CC(O)CO)n(C)c1=O
823,Chloramphenicol,-2.613,1,323.13200000000006,3,1,6,112.70000000000002,-2.111,OCC(NC(=O)C(Cl)Cl)C(O)c1ccc(cc1)N(=O)=O,O=C(NC(CO)C(O)c1ccc([N+](=O)[O-])cc1)C(Cl)Cl
824,3-Ethyl-3-pentanol,-1.663,1,116.204,1,0,3,20.23,-0.85,CCC(O)(CC)CC,CCC(O)(CC)CC
825,Epitostanol,-4.545,1,306.5150000000001,1,5,0,20.23,-5.41,CC45CCC2C(CCC3CC1SC1CC23C)C4CCC5O,CC12CCC3C(CCC4CC5SC5CC43C)C1CCC2O
826,oryzalin,-3.784,1,346.3650000000002,1,1,8,149.67999999999995,-5.16,CCCN(CCC)c1c(cc(cc1N(=O)=O)S(N)(=O)=O)N(=O)=O,CCCN(CCC)c1c([N+](=O)[O-])cc(S(N)(=O)=O)cc1[N+](=O)[O-]
827,RTI 20,-3.663,1,255.292,0,3,2,20.31,-4.799,C2c1ccccc1N(CCF)C(=O)c3ccccc23 ,O=C1c2ccccc2Cc2ccccc2N1CCF
828,"2,4-Dimethyl-3-pentanone",-1.7519999999999998,1,114.18799999999996,0,0,2,17.07,-1.3,CC(C)C(=O)C(C)C,CC(C)C(=O)C(C)C
829,5-(3-Methyl-2-butenyl)-5-isoPrbarbital,-2.465,1,238.287,2,1,3,75.27000000000002,-2.593,O=C1NC(=O)NC(=O)C1(C(C)C)CC=C(C)C,CC(C)=CCC1(C(C)C)C(=O)NC(=O)NC1=O
830,gentisin,-1.2919999999999998,1,262.26099999999997,2,3,1,75.99000000000002,-2.943,c1c(O)C2C(=O)C3cc(O)ccC3OC2cc1(OC),COC1=CC2OC3C=CC(O)=CC3C(=O)C2C(O)=C1
831,Caffeine,-1.4980000000000002,1,194.194,0,2,0,61.82,-0.8759999999999999,Cn1cnc2n(C)c(=O)n(C)c(=O)c12,Cn1c(=O)c2c(ncn2C)n(C)c1=O
832,"3,4-Dimethylphenol",-2.6210000000000004,1,122.167,1,1,0,20.23,-1.38,Cc1ccc(O)cc1C,Cc1ccc(O)cc1C
833,Diphenyl ether ,-4.254,2,170.21099999999998,0,2,2,9.23,-3.96,O(c1ccccc1)c2ccccc2,c1ccc(Oc2ccccc2)cc1
834,"2,2',4,4',5,5'-PCB",-7.343,1,360.88200000000006,0,2,1,0.0,-8.56,Clc1cc(Cl)c(cc1Cl)c2cc(Cl)c(Cl)cc2Cl ,Clc1cc(Cl)c(-c2cc(Cl)c(Cl)cc2Cl)cc1Cl
835,nicotinamide,-0.964,1,122.12699999999997,1,1,1,55.98,0.61,NC(=O)c1cccnc1 ,NC(=O)c1cccnc1
836,Thiophenol ,-2.758,1,110.18099999999995,1,1,0,0.0,-2.12,Sc1ccccc1,Sc1ccccc1
837,XMC,-2.688,1,179.21900000000002,1,1,1,38.33,-2.5810000000000004,CNC(=O)Oc1cc(C)cc(C)c1,CNC(=O)Oc1cc(C)cc(C)c1
838,Chlordane,-6.039,1,409.78199999999987,0,3,0,0.0,-6.86,ClC1CC2C(C1Cl)C3(Cl)C(=C(Cl)C2(Cl)C3(Cl)Cl)Cl,ClC1=C(Cl)C2(Cl)C3C(Cl)C(Cl)CC3C1(Cl)C2(Cl)Cl
839,Benzamide,-1.501,1,121.13899999999997,1,1,1,43.09,-0.96,NC(=O)c1ccccc1,NC(=O)c1ccccc1
840,Monotropitoside,-1.493,1,446.405,6,3,6,184.6,-0.742,COC(=O)c1ccccc1OC2OC(COC3OCC(O)C(O)C3O)C(O)C(O)C2O,COC(=O)c1ccccc1OC1OC(COC2OCC(O)C(O)C2O)C(O)C(O)C1O
841,3-Heptanol ,-1.6780000000000002,1,116.20399999999998,1,0,4,20.23,-1.47,CCCCC(O)CC,CCCCC(O)CC
842,RTI 15,-3.891,1,268.32,1,3,1,58.12000000000001,-4.5539999999999985,CCN2c1nc(C)cc(C)c1NC(=O)c3cccnc23 ,CCN1c2ncccc2C(=O)Nc2c(C)cc(C)nc21
843,"3,5-Dichlorophenol",-3.428,1,163.003,1,1,0,20.23,-1.34,Oc1cc(Cl)cc(Cl)c1,Oc1cc(Cl)cc(Cl)c1
844,1-Methylphenanthrene,-4.87,1,192.261,0,3,0,0.0,-5.85,Cc1cccc2c1ccc3ccccc32,Cc1cccc2c1ccc1ccccc12
845,Diallate,-3.827,1,270.225,0,0,4,20.31,-4.2860000000000005,CC(C)N(C(C)C)C(=O)SCC(=CCl)Cl,CC(C)N(C(=O)SCC(Cl)=CCl)C(C)C
846,Toluene ,-2.713,1,92.141,0,1,0,0.0,-2.21,Cc1ccccc1,Cc1ccccc1
847,Nitrapyrin,-3.833,1,230.90900000000002,0,1,0,12.89,-3.76,Clc1cccc(n1)C(Cl)(Cl)Cl,Clc1cccc(C(Cl)(Cl)Cl)n1
848,Cycloheptene,-2.599,2,96.17299999999999,0,1,0,0.0,-3.18,C1CCC=CCC1,C1=CCCCCC1
849,Griseofulvin,-3.3280000000000003,1,352.77000000000015,0,3,3,71.06,-3.2460000000000004,COC1=CC(=O)CC(C)C13Oc2c(Cl)c(OC)cc(OC)c2C3=O,COC1=CC(=O)CC(C)C12Oc1c(Cl)c(OC)cc(OC)c1C2=O
850,1-Decanol,-2.814,1,158.285,1,0,8,20.23,-3.63,CCCCCCCCCCO,CCCCCCCCCCO
851,vamidothion,-1.446,1,287.343,1,0,8,64.63000000000001,1.144,CNC(=O)C(C)SCCSP(=O)(OC)(OC),CNC(=O)C(C)SCCSP(=O)(OC)OC
852,"2,3,4,5-Tetrachlorophenol",-4.335,1,231.893,1,1,0,20.23,-3.15,Oc1cc(Cl)c(Cl)c(Cl)c1Cl,Oc1cc(Cl)c(Cl)c(Cl)c1Cl
853,dexamethasone acetate,-3.933,1,434.5040000000003,2,4,3,100.9,-4.9,CC4CC3C2CCC1=CC(=O)C=CC1(C)C2(F)C(O)CC3(C)C4(O)C(=O)COC(C)=O ,CC(=O)OCC(=O)C1(O)C(C)CC2C3CCC4=CC(=O)C=CC4(C)C3(F)C(O)CC21C
854,Butane,-1.907,1,58.124,0,0,1,0.0,-2.57,CCCC,CCCC
855,o-Methoxyphenol,-1.941,1,124.13899999999997,1,1,1,29.46,-1.96,COc1ccccc1O,COc1ccccc1O
856,Fluoromethalone,-3.507,1,376.4680000000001,2,4,1,74.6,-4.099,CC1CC2C3CCC(O)(C(=O)C)C3(C)CC(O)C2(F)C4(C)C=CC(=O)C=C14,CC(=O)C1(O)CCC2C3CC(C)C4=CC(=O)C=CC4(C)C3(F)C(O)CC21C
857,Diethyl phthalate ,-3.016,1,222.23999999999995,0,1,4,52.60000000000001,-2.35,CCOC(=O)c1ccccc1C(=O)OCC,CCOC(=O)c1ccccc1C(=O)OCC
858,2-Methylpropan-1-ol,-0.672,1,74.12299999999998,1,0,1,20.23,0.1,CC(C)CO,CC(C)CO
859,Diiodomethane,-2.958,1,267.835,0,0,0,0.0,-2.34,ICI,ICI
860,4-Heptanol,-1.6780000000000002,1,116.204,1,0,4,20.23,-1.4,CCCC(O)CCC,CCCC(O)CCC
861,"2,3,5,6-Tetrachlorophenol",-4.203,1,231.893,1,1,0,20.23,-3.37,Oc1c(Cl)c(Cl)cc(Cl)c1Cl,Oc1c(Cl)c(Cl)cc(Cl)c1Cl
862,Propylbenzene ,-3.281,1,120.19499999999996,0,1,2,0.0,-3.37,CCCc1ccccc1,CCCc1ccccc1
863,"1,2-Dichlorotetrafluoroethane",-2.697,1,170.92000000000004,0,0,1,0.0,-2.74,FC(F)(Cl)C(F)(F)Cl,FC(F)(Cl)C(F)(F)Cl
864,norethindrone acetate,-4.2410000000000005,1,340.46300000000014,0,4,1,43.37000000000001,-4.8,CC(=O)OC3(CCC4C2CCC1=CC(=O)CCC1C2CCC34C)C#C,C#CC1(OC(C)=O)CCC2C3CCC4=CC(=O)CCC4C3CCC21C
865,Ditalimfos,-3.992,1,299.28800000000007,0,2,5,55.84,-3.35,CCOP(=S)(OCC)N2C(=O)c1ccccc1C2=O,CCOP(=S)(OCC)N1C(=O)c2ccccc2C1=O
866,Chloroethane,-1.165,1,64.515,0,0,0,0.0,-1.06,ClCC,CCCl
867,Piperine,-3.659,1,285.343,0,3,3,38.77,-3.46,O=C(C=CC=Cc2ccc1OCOc1c2)N3CCCCC3,O=C(C=CC=Cc1ccc2c(c1)OCO2)N1CCCCC1
868,cis-2-Pentene,-2.076,1,70.135,0,0,1,0.0,-2.54,CC/C=C\C,C/C=C\CC
869,thiofanox,-2.7,1,218.322,1,0,3,50.69,-1.62,CNC(=O)ON=C(CSC)C(C)(C)C ,CNC(=O)ON=C(CSC)C(C)(C)C
870,Cyclooctyl-5-spirobarbituric acid,-2.2840000000000003,1,224.26,2,2,0,75.27,-2.982,O=C2NC(=O)C1(CCCCCCC1)C(=O)N2,O=C1NC(=O)C2(CCCCCCC2)C(=O)N1
871,butacarb,-4.642,1,263.381,1,1,1,38.33,-4.24,c1(C(C)(C)C)cc(C(C)(C)C)cc(OC(=O)NC)c1,CNC(=O)Oc1cc(C(C)(C)C)cc(C(C)(C)C)c1
872,Eriodictyol,-3.152,1,288.255,4,3,1,107.22,-3.62,Oc2cc(O)c1C(=O)CC(Oc1c2)c3ccc(O)c(O)c3,O=C1CC(c2ccc(O)c(O)c2)Oc2cc(O)cc(O)c21
873,Benzophenone,-3.612,1,182.222,0,2,2,17.07,-3.12,O=C(c1ccccc1)c2ccccc2,O=C(c1ccccc1)c1ccccc1
874,Eicosane,-7.576,1,282.55599999999987,0,0,17,0.0,-8.172,CCCCCCCCCCCCCCCCCCCC,CCCCCCCCCCCCCCCCCCCC
875,hydrazobenzene,-3.492,2,184.24200000000002,2,2,3,24.06,-2.92,N(Nc1ccccc1)c2ccccc2 ,c1ccc(NNc2ccccc2)cc1
876,2-Ethyl-1-butanol,-1.381,1,102.177,1,0,3,20.23,-1.17,CCC(CC)CO,CCC(CC)CO
877,"cis 1,2-Dichloroethylene",-1.561,1,96.94400000000002,0,0,0,0.0,-1.3,Cl\C=C/Cl,Cl/C=C\Cl
878,4-Methyl-2-pentanol,-1.308,1,102.17699999999998,1,0,2,20.23,-0.8,CC(C)CC(C)O,CC(C)CC(C)O
879,"2,2-Dimethylpropanol",-1.011,1,88.14999999999998,1,0,0,20.23,-0.4,CC(C)(C)CO,CC(C)(C)CO
880,Triadimefon,-4.132,1,293.754,0,2,4,57.01000000000001,-3.61,CC(C)(C)C(=O)C(Oc1ccc(Cl)cc1)n2cncn2,CC(C)(C)C(=O)C(Oc1ccc(Cl)cc1)n1cncn1
881,Isocarboxazid,-2.251,1,231.255,2,2,4,67.16,-2.461,Cc1cc(no1)C(=O)NNCc2ccccc2,Cc1cc(C(=O)NNCc2ccccc2)no1
882,Propylene,-1.235,1,42.081,0,0,0,0.0,-1.08,CC=C,C=CC
883,Dichlorophen,-4.924,1,269.127,2,2,2,40.46,-3.953,Oc1ccc(Cl)cc1Cc2cc(Cl)ccc2O,Oc1ccc(Cl)cc1Cc1cc(Cl)ccc1O
884,Desmedipham,-4.182,1,300.314,2,2,4,76.66,-4.632,CCOC(=O)Nc2cccc(OC(=O)Nc1ccccc1)c2 ,CCOC(=O)Nc1cccc(OC(=O)Nc2ccccc2)c1
885,Anthraquinone,-3.34,1,208.216,0,3,0,34.14,-5.19,O=C1c2ccccc2C(=O)c3ccccc13,O=C1c2ccccc2C(=O)c2ccccc21
886,2-Octanol,-2.033,1,130.231,1,0,5,20.23,-2.09,CCCCCCC(C)O,CCCCCCC(C)O
887,Oxycarboxin,-2.169,1,267.306,1,2,2,72.47,-2.281,CC1=C(C(=O)Nc2ccccc2)S(=O)(=O)CCO1,CC1=C(C(=O)Nc2ccccc2)S(=O)(=O)CCO1
888,Butylbenzene,-3.585,1,134.22199999999998,0,1,3,0.0,-4.06,CCCCc1ccccc1,CCCCc1ccccc1
889,parabanic acid,1.091,1,114.06,2,1,0,75.27,-0.4,O=C1NC(=O)C(=O)N1 ,O=C1NC(=O)C(=O)N1
890,Abate,-6.678,1,466.47900000000016,0,2,10,55.38000000000001,-6.237,COP(=S)(OC)Oc1ccc(Sc2ccc(OP(=S)(OC)OC)cc2)cc1,COP(=S)(OC)Oc1ccc(Sc2ccc(OP(=S)(OC)OC)cc2)cc1
891,Chlorthalidone,-2.564,1,338.7720000000001,3,3,2,109.49,-3.451,NS(=O)(=O)c1cc(ccc1Cl)C2(O)NC(=O)c3ccccc23,NS(=O)(=O)c1cc(C2(O)NC(=O)c3ccccc32)ccc1Cl
892,Isobutyl acetate,-1.463,1,116.15999999999998,0,0,2,26.3,-1.21,CC(C)COC(=O)C,CC(=O)OCC(C)C
893,"2,2,3-Trimethylbutane",-2.922,1,100.20499999999998,0,0,0,0.0,-4.36,CC(C)C(C)(C)C,CC(C)C(C)(C)C
894,"2,3,3',4,4'6-PCB",-7.746,1,395.32700000000017,0,2,1,0.0,-7.66,Clc1ccc(c(Cl)c1Cl)c2c(Cl)cc(Cl)c(Cl)c2Cl ,Clc1ccc(-c2c(Cl)cc(Cl)c(Cl)c2Cl)c(Cl)c1Cl
895,Phthalonitrile,-1.717,1,128.13399999999996,0,1,0,47.58,-2.38,N#Cc1ccccc1C#N,N#Cc1ccccc1C#N
896,halothane,-2.608,1,197.38099999999997,0,0,0,0.0,-1.71,FC(F)(F)C(Cl)Br ,FC(F)(F)C(Cl)Br
897,Oxamyl,-0.908,1,219.266,1,0,1,70.99999999999999,0.106,CNC(=O)ON=C(SC)C(=O)N(C)C,CNC(=O)ON=C(SC)C(=O)N(C)C
898,Thiometon,-3.323,1,246.359,0,0,7,18.46,-3.091,CCSCCSP(=S)(OC)OC,CCSCCSP(=S)(OC)OC
899,2-Methylbutane,-2.245,1,72.15100000000001,0,0,1,0.0,-3.18,CCC(C)C,CCC(C)C
900,Stirofos,-4.32,1,365.96400000000006,0,1,5,44.76000000000001,-4.522,COP(=O)(OC)OC(=CCl)c1cc(Cl)c(Cl)cc1Cl,COP(=O)(OC)OC(=CCl)c1cc(Cl)c(Cl)cc1Cl
