Molecule ChEMBL ID;Molecule Name;Molecule Max Phase;Molecular Weight;#RO5 Violations;AlogP;Compound Key;Smiles;Standard Type;Standard Relation;Standard Value;Standard Units;pChEMBL Value;Data Validity Comment;Comment;Uo Units;Ligand Efficiency BEI;Ligand Efficiency LE;Ligand Efficiency LLE;Ligand Efficiency SEI;Potential Duplicate;Assay ChEMBL ID;Assay Description;Assay Type;BAO Format ID;BAO Label;Assay Organism;Assay Tissue ChEMBL ID;Assay Tissue Name;Assay Cell Type;Assay Subcellular Fraction;Target ChEMBL ID;Target Name;Target Organism;Target Type;Document ChEMBL ID;Source ID;Source Description;Document Journal;Document Year;Cell ChEMBL ID
CHEMBL1821801;;0;226.3;0;3.55;32;Nc1ccc2cc(-c3ccsc3)ccc2n1;Kd;'=';38800.0;nM;4.41;;;UO_0000065;19.49;0.38;0.86;11.34;False;CHEMBL1827651;Binding affinity to BACE1 after 90 seconds by surface plasmon resonance assay;B;BAO_0000357;single protein format;None;None;None;None;None;CHEMBL4822;Beta-secretase 1;Homo sapiens;SINGLE PROTEIN;CHEMBL1821551;1;Scientific Literature;J. Med. Chem.;2011;None
CHEMBL2011275;;0;158.2;0;2.13;9;Cc1cc(N)nc2ccccc12;Kd;'=';1300000.0;nM;2.89;;;UO_0000065;18.24;0.33;0.76;7.42;False;CHEMBL2014640;Binding affinity to BACE1 by surface plasmon resonance method;B;BAO_0000357;single protein format;None;None;None;None;None;CHEMBL4822;Beta-secretase 1;Homo sapiens;SINGLE PROTEIN;CHEMBL2010697;1;Scientific Literature;J. Med. Chem.;2012;None
CHEMBL2437454;;0;371.36;0;1.73;6;CN1C(=O)C[C@@](C)([C@@H]2C[C@H]2c2ccccc2)N=C1N.O=C(O)C(F)(F)F;Kd;'=';26800.0;nM;4.57;;;UO_0000065;17.77;0.33;2.84;7.79;False;CHEMBL2439318;Binding affinity to human recombinant BACE1 expressed in Escherichia coli BL21(DE3) by isothermal titration calorimetry assay;B;BAO_0000019;assay format;Homo sapiens;None;None;None;None;CHEMBL4822;Beta-secretase 1;Homo sapiens;SINGLE PROTEIN;CHEMBL2434939;1;Scientific Literature;Bioorg. Med. Chem.;2013;None
CHEMBL1981917;;0;244.29;0;3.33;4;NC1=Nc2ccccc2Sc2cccc(F)c21;Kd;'=';400000.0;nM;3.4;;;UO_0000065;13.91;0.27;0.07;8.85;False;CHEMBL2014639;Binding affinity to BACE1 by NMR-based differential chemical shift perturbation method;B;BAO_0000357;single protein format;None;None;None;None;None;CHEMBL4822;Beta-secretase 1;Homo sapiens;SINGLE PROTEIN;CHEMBL2010697;1;Scientific Literature;J. Med. Chem.;2012;None
CHEMBL2011276;;0;212.17;0;2.84;10;Nc1cc(C(F)(F)F)c2ccccc2n1;Kd;'=';2900000.0;nM;2.54;;;UO_0000065;11.96;0.23;-0.3;6.52;False;CHEMBL2014640;Binding affinity to BACE1 by surface plasmon resonance method;B;BAO_0000357;single protein format;None;None;None;None;None;CHEMBL4822;Beta-secretase 1;Homo sapiens;SINGLE PROTEIN;CHEMBL2010697;1;Scientific Literature;J. Med. Chem.;2012;None
CHEMBL3808988;;0;404.56;0;4.92;1;Cc1cccnc1-c1ccc2nc(N)c(C[C@H](C)C(=O)NCCC(C)(C)C)cc2c1;Kd;'=';16.0;nM;7.8;;;UO_0000065;19.27;0.35;2.88;9.64;False;CHEMBL3811214;Binding affinity to BACE1 (unknown origin) by surface plasmon resonance spectroscopic analysis;B;BAO_0000357;single protein format;Homo sapiens;None;None;None;None;CHEMBL4822;Beta-secretase 1;Homo sapiens;SINGLE PROTEIN;CHEMBL3808306;1;Scientific Literature;J. Med. Chem.;2016;None
CHEMBL2011271;;0;218.68;0;2.61;1;N=C(N)SCc1c(F)cccc1Cl;Kd;'=';300000.0;nM;3.52;;;UO_0000065;16.11;0.37;0.91;7.06;False;CHEMBL2014640;Binding affinity to BACE1 by surface plasmon resonance method;B;BAO_0000357;single protein format;None;None;None;None;None;CHEMBL4822;Beta-secretase 1;Homo sapiens;SINGLE PROTEIN;CHEMBL2010697;1;Scientific Literature;J. Med. Chem.;2012;None
CHEMBL1821807;;0;226.32;0;3.86;38;Nc1ccc2cc(C3CCCCC3)ccc2n1;Kd;'=';296000.0;nM;3.53;;;UO_0000065;15.59;0.28;-0.33;9.07;False;CHEMBL1827651;Binding affinity to BACE1 after 90 seconds by surface plasmon resonance assay;B;BAO_0000357;single protein format;None;None;None;None;None;CHEMBL4822;Beta-secretase 1;Homo sapiens;SINGLE PROTEIN;CHEMBL1821551;1;Scientific Literature;J. Med. Chem.;2011;None
CHEMBL1821813;;0;311.43;0;3.45;44;Nc1nc2ccccc2cc1CCC(=O)NCC1CCCCC1;Kd;'=';14200.0;nM;4.85;;;UO_0000065;15.57;0.29;1.4;7.13;False;CHEMBL1827651;Binding affinity to BACE1 after 90 seconds by surface plasmon resonance assay;B;BAO_0000357;single protein format;None;None;None;None;None;CHEMBL4822;Beta-secretase 1;Homo sapiens;SINGLE PROTEIN;CHEMBL1821551;1;Scientific Literature;J. Med. Chem.;2011;None
CHEMBL1821802;;0;220.28;0;3.48;11;Nc1ccc2cc(-c3ccccc3)ccc2n1;Kd;'=';34000.0;nM;4.47;;;UO_0000065;20.29;0.36;0.99;11.48;False;CHEMBL2014640;Binding affinity to BACE1 by surface plasmon resonance method;B;BAO_0000357;single protein format;None;None;None;None;None;CHEMBL4822;Beta-secretase 1;Homo sapiens;SINGLE PROTEIN;CHEMBL2010697;1;Scientific Literature;J. Med. Chem.;2012;None
CHEMBL1821802;;0;220.28;0;3.48;33;Nc1ccc2cc(-c3ccccc3)ccc2n1;Kd;'=';22600.0;nM;4.65;;;UO_0000065;21.09;0.37;1.17;11.94;False;CHEMBL1827651;Binding affinity to BACE1 after 90 seconds by surface plasmon resonance assay;B;BAO_0000357;single protein format;None;None;None;None;None;CHEMBL4822;Beta-secretase 1;Homo sapiens;SINGLE PROTEIN;CHEMBL1821551;1;Scientific Literature;J. Med. Chem.;2011;None
CHEMBL1821809;;0;311.43;0;3.54;40;CN(C(=O)CCc1cc2ccccc2nc1N)C1CCCCC1;Kd;'=';38400.0;nM;4.42;;;UO_0000065;14.18;0.26;0.88;7.46;False;CHEMBL1827651;Binding affinity to BACE1 after 90 seconds by surface plasmon resonance assay;B;BAO_0000357;single protein format;None;None;None;None;None;CHEMBL4822;Beta-secretase 1;Homo sapiens;SINGLE PROTEIN;CHEMBL1821551;1;Scientific Literature;J. Med. Chem.;2011;None
CHEMBL222533;;0;506.65;1;3.62;1;C=CCN(CC=C)C(=O)c1cc(OCC(=O)NCCCCCN)cc(C(=O)N[C@H](C)c2ccccc2)c1;Kd;'=';25000.0;nM;4.6;;;UO_0000065;9.08;0.17;0.98;4.05;False;CHEMBL2184807;Inhibition of BACE1;B;BAO_0000357;single protein format;None;None;None;None;None;CHEMBL4822;Beta-secretase 1;Homo sapiens;SINGLE PROTEIN;CHEMBL2177091;1;Scientific Literature;J. Med. Chem.;2012;None
CHEMBL185917;;0;162.17;0;1.96;5;Nc1ccc2cc(F)ccc2n1;Kd;'=';1280000.0;nM;2.89;;;UO_0000065;17.84;0.33;0.93;7.43;False;CHEMBL2014640;Binding affinity to BACE1 by surface plasmon resonance method;B;BAO_0000357;single protein format;None;None;None;None;None;CHEMBL4822;Beta-secretase 1;Homo sapiens;SINGLE PROTEIN;CHEMBL2010697;1;Scientific Literature;J. Med. Chem.;2012;None
CHEMBL1821798;;0;223.07;0;2.58;28;Nc1ccc2cccc(Br)c2n1;Kd;'=';540000.0;nM;3.27;;;UO_0000065;14.65;0.37;0.69;8.4;False;CHEMBL1827651;Binding affinity to BACE1 after 90 seconds by surface plasmon resonance assay;B;BAO_0000357;single protein format;None;None;None;None;None;CHEMBL4822;Beta-secretase 1;Homo sapiens;SINGLE PROTEIN;CHEMBL1821551;1;Scientific Literature;J. Med. Chem.;2011;None
CHEMBL1821810;;0;401.55;1;5.52;41;Cc1ccccc1-c1ccc2nc(N)c(CCC(=O)N(C)C3CCCCC3)cc2c1;Kd;'=';4200.0;nM;5.38;;;UO_0000065;13.39;0.24;-0.14;9.08;False;CHEMBL1827651;Binding affinity to BACE1 after 90 seconds by surface plasmon resonance assay;B;BAO_0000357;single protein format;None;None;None;None;None;CHEMBL4822;Beta-secretase 1;Homo sapiens;SINGLE PROTEIN;CHEMBL1821551;1;Scientific Literature;J. Med. Chem.;2011;None
CHEMBL189197;;0;223.07;0;2.58;30;Nc1ccc2cc(Br)ccc2n1;Kd;'=';266000.0;nM;3.58;;;UO_0000065;16.03;0.41;1.0;9.19;False;CHEMBL1827651;Binding affinity to BACE1 after 90 seconds by surface plasmon resonance assay;B;BAO_0000357;single protein format;None;None;None;None;None;CHEMBL4822;Beta-secretase 1;Homo sapiens;SINGLE PROTEIN;CHEMBL1821551;1;Scientific Literature;J. Med. Chem.;2011;None
CHEMBL1821811;;0;387.53;1;5.17;42;Cc1ccccc1-c1ccc2nc(N)c(CCC(=O)NC3CCCCC3)cc2c1;Kd;;;;;;Not Determined;;;;;;False;CHEMBL1827651;Binding affinity to BACE1 after 90 seconds by surface plasmon resonance assay;B;BAO_0000357;single protein format;None;None;None;None;None;CHEMBL4822;Beta-secretase 1;Homo sapiens;SINGLE PROTEIN;CHEMBL1821551;1;Scientific Literature;J. Med. Chem.;2011;None
CHEMBL61236;;0;144.18;0;1.82;1;Nc1ccc2ccccc2n1;Kd;'=';900000.0;nM;3.05;;;UO_0000065;21.12;0.38;1.23;7.83;True;CHEMBL1827651;Binding affinity to BACE1 after 90 seconds by surface plasmon resonance assay;B;BAO_0000357;single protein format;None;None;None;None;None;CHEMBL4822;Beta-secretase 1;Homo sapiens;SINGLE PROTEIN;CHEMBL1821551;1;Scientific Literature;J. Med. Chem.;2011;None
CHEMBL217068;;0;318.38;0;2.83;3.a.1;N=C(N)NC(=O)Cn1c(-c2ccccc2)ccc1-c1ccccc1;Kd;'=';2800.0;nM;5.55;;;UO_0000065;17.44;0.32;2.72;6.62;False;CHEMBL944848;Inhibition of BACE1 by FRET assay;B;BAO_0000357;single protein format;None;None;None;None;None;CHEMBL4822;Beta-secretase 1;Homo sapiens;SINGLE PROTEIN;CHEMBL1140831;1;Scientific Literature;Bioorg. Med. Chem. Lett.;2008;None
CHEMBL2437452;;0;359.35;0;1.55;(R)-3;CN1C(=O)C[C@@](C)(CCc2ccccc2)N=C1N.O=C(O)C(F)(F)F;Kd;'=';36600.0;nM;4.44;;;UO_0000065;18.08;0.34;2.89;7.56;False;CHEMBL2439318;Binding affinity to human recombinant BACE1 expressed in Escherichia coli BL21(DE3) by isothermal titration calorimetry assay;B;BAO_0000019;assay format;Homo sapiens;None;None;None;None;CHEMBL4822;Beta-secretase 1;Homo sapiens;SINGLE PROTEIN;CHEMBL2434939;1;Scientific Literature;Bioorg. Med. Chem.;2013;None
CHEMBL78946;;0;893.01;3;-1.74;7;CC(C)C[C@H](NC(=O)[C@H](CC(N)=O)NC(=O)[C@@H](NC(=O)[C@@H](N)CCC(=O)O)C(C)C)[C@@H](O)C[C@@H](C)C(=O)N[C@@H](C)C(=O)N[C@@H](CCC(=O)O)C(=O)N[C@@H](Cc1ccccc1)C(=O)O;Kd;'=';40.0;nM;7.4;;;UO_0000065;8.28;0.16;9.14;1.97;False;CHEMBL947944;Binding affinity to BACE1 by surface plasmon resonance method;B;BAO_0000357;single protein format;None;None;None;None;None;CHEMBL4822;Beta-secretase 1;Homo sapiens;SINGLE PROTEIN;CHEMBL1142369;1;Scientific Literature;Bioorg. Med. Chem. Lett.;2008;None
CHEMBL568966;;0;272.8;0;3.65;3;CCCCOc1ccc(CSC(=N)N)cc1Cl;Kd;'=';15000.0;nM;4.82;;;UO_0000065;17.68;0.39;1.17;8.16;False;CHEMBL1048424;Binding affinity to BACE1 by fragment-based NMR screening assay;B;BAO_0000357;single protein format;None;None;None;None;None;CHEMBL4822;Beta-secretase 1;Homo sapiens;SINGLE PROTEIN;CHEMBL1154762;1;Scientific Literature;J. Med. Chem.;2010;None
CHEMBL575231;;0;186.32;0;2.75;2;CCC/C=C(\CC)CSC(=N)N;Kd;'=';550000.0;nM;3.26;;;UO_0000065;17.49;0.37;0.51;6.54;False;CHEMBL1048424;Binding affinity to BACE1 by fragment-based NMR screening assay;B;BAO_0000357;single protein format;None;None;None;None;None;CHEMBL4822;Beta-secretase 1;Homo sapiens;SINGLE PROTEIN;CHEMBL1154762;1;Scientific Literature;J. Med. Chem.;2010;None
CHEMBL575232;;0;232.71;0;3.1;4;Nc1ncccc1CCc1cccc(Cl)c1;Kd;'=';32000.0;nM;4.5;;;UO_0000065;19.32;0.38;1.39;11.55;False;CHEMBL1048424;Binding affinity to BACE1 by fragment-based NMR screening assay;B;BAO_0000357;single protein format;None;None;None;None;None;CHEMBL4822;Beta-secretase 1;Homo sapiens;SINGLE PROTEIN;CHEMBL1154762;1;Scientific Literature;J. Med. Chem.;2010;None
CHEMBL235821;;0;215.26;0;1.14;2;Nc1nc(CCc2ccccc2)cc(=O)[nH]1;Kd;'=';660000.0;nM;3.18;;;UO_0000065;14.77;0.27;2.04;4.43;False;CHEMBL901129;Binding affinity to BACE1 expressed in HEK293 cells by Biocore ISA;B;BAO_0000219;cell-based format;None;None;None;HEK293;None;CHEMBL4822;Beta-secretase 1;Homo sapiens;SINGLE PROTEIN;CHEMBL1138314;1;Scientific Literature;J. Med. Chem.;2007;CHEMBL3307715
CHEMBL235825;;0;153.19;0;0.3;1;CCCc1cc(=O)[nH]c(N)n1;Kd;'=';4450000.0;nM;2.35;;;UO_0000065;15.35;0.29;2.05;3.28;False;CHEMBL901129;Binding affinity to BACE1 expressed in HEK293 cells by Biocore ISA;B;BAO_0000219;cell-based format;None;None;None;HEK293;None;CHEMBL4822;Beta-secretase 1;Homo sapiens;SINGLE PROTEIN;CHEMBL1138314;1;Scientific Literature;J. Med. Chem.;2007;CHEMBL3307715
CHEMBL1821812;;0;401.55;1;5.42;43;Cc1ccccc1-c1ccc2nc(N)c(CCC(=O)NCC3CCCCC3)cc2c1;Kd;;;;;;Not Determined;;;;;;False;CHEMBL1827651;Binding affinity to BACE1 after 90 seconds by surface plasmon resonance assay;B;BAO_0000357;single protein format;None;None;None;None;None;CHEMBL4822;Beta-secretase 1;Homo sapiens;SINGLE PROTEIN;CHEMBL1821551;1;Scientific Literature;J. Med. Chem.;2011;None
CHEMBL1821799;;0;223.07;0;2.58;29;Nc1ccc2ccc(Br)cc2n1;Kd;'=';266000.0;nM;3.58;;;UO_0000065;16.03;0.41;1.0;9.19;False;CHEMBL1827651;Binding affinity to BACE1 after 90 seconds by surface plasmon resonance assay;B;BAO_0000357;single protein format;None;None;None;None;None;CHEMBL4822;Beta-secretase 1;Homo sapiens;SINGLE PROTEIN;CHEMBL1821551;1;Scientific Literature;J. Med. Chem.;2011;None
CHEMBL3809870;;0;617.77;2;7.54;9;CC(C)(C)CCNC(=O)CCc1cc2cc(-c3ccccc3CCc3ccc(NC(=O)c4ccc(F)cc4)cn3)ccc2nc1N;Kd;'=';0.4;nM;9.4;;;UO_0000065;15.21;0.28;1.86;8.54;False;CHEMBL3811214;Binding affinity to BACE1 (unknown origin) by surface plasmon resonance spectroscopic analysis;B;BAO_0000357;single protein format;Homo sapiens;None;None;None;None;CHEMBL4822;Beta-secretase 1;Homo sapiens;SINGLE PROTEIN;CHEMBL3808306;1;Scientific Literature;J. Med. Chem.;2016;None
CHEMBL4128807;;0;513.53;1;4.77;31;N#Cc1c(-c2cccc(C(F)(F)F)c2)nc(SC(C(N)=O)c2nc(-c3ccccc3)cs2)[nH]c1=O;Kd;'=';1030.0;nM;5.99;;;UO_0000065;11.66;0.23;1.22;4.77;False;CHEMBL4119592;Binding affinity to BACE1 (unknown origin) by SPR method;B;BAO_0000357;single protein format;Homo sapiens;None;None;None;None;CHEMBL4822;Beta-secretase 1;Homo sapiens;SINGLE PROTEIN;CHEMBL4118072;1;Scientific Literature;Eur J Med Chem;2017;None
CHEMBL1981917;;0;244.29;0;3.33;4;NC1=Nc2ccccc2Sc2cccc(F)c21;Kd;'=';325000.0;nM;3.49;;;UO_0000065;14.28;0.28;0.16;9.09;False;CHEMBL2014640;Binding affinity to BACE1 by surface plasmon resonance method;B;BAO_0000357;single protein format;None;None;None;None;None;CHEMBL4822;Beta-secretase 1;Homo sapiens;SINGLE PROTEIN;CHEMBL2010697;1;Scientific Literature;J. Med. Chem.;2012;None
CHEMBL568966;;0;272.8;0;3.65;3;CCCCOc1ccc(CSC(=N)N)cc1Cl;Kd;'=';15000.0;nM;4.82;;;UO_0000065;17.68;0.39;1.17;8.16;True;CHEMBL1048414;Inhibition of BACE1 by fragment-based NMR screening method;B;BAO_0000357;single protein format;None;None;None;None;None;CHEMBL4822;Beta-secretase 1;Homo sapiens;SINGLE PROTEIN;CHEMBL1154761;1;Scientific Literature;J. Med. Chem.;2010;None
CHEMBL1821800;;0;223.07;0;2.58;31;Nc1ccc2c(Br)cccc2n1;Kd;'=';209000.0;nM;3.68;;;UO_0000065;16.5;0.42;1.1;9.46;False;CHEMBL1827651;Binding affinity to BACE1 after 90 seconds by surface plasmon resonance assay;B;BAO_0000357;single protein format;None;None;None;None;None;CHEMBL4822;Beta-secretase 1;Homo sapiens;SINGLE PROTEIN;CHEMBL1821551;1;Scientific Literature;J. Med. Chem.;2011;None
CHEMBL1821808;;0;300.41;0;4.88;39;CC(C)(C)C#Cc1ccccc1-c1ccc2nc(N)ccc2c1;Kd;'=';6100.0;nM;5.21;;;UO_0000065;17.36;0.31;0.33;13.4;False;CHEMBL1827651;Binding affinity to BACE1 after 90 seconds by surface plasmon resonance assay;B;BAO_0000357;single protein format;None;None;None;None;None;CHEMBL4822;Beta-secretase 1;Homo sapiens;SINGLE PROTEIN;CHEMBL1821551;1;Scientific Literature;J. Med. Chem.;2011;None
CHEMBL61236;;0;144.18;0;1.82;6;Nc1ccc2ccccc2n1;Kd;'=';900000.0;nM;3.05;;;UO_0000065;21.12;0.38;1.23;7.83;False;CHEMBL2014640;Binding affinity to BACE1 by surface plasmon resonance method;B;BAO_0000357;single protein format;None;None;None;None;None;CHEMBL4822;Beta-secretase 1;Homo sapiens;SINGLE PROTEIN;CHEMBL2010697;1;Scientific Literature;J. Med. Chem.;2012;None
CHEMBL2181988;;0;188.23;0;0.87;1;O=C1Nc2ccccc2[C@]12CCNC2;Kd;'=';1400000.0;nM;2.85;;;UO_0000065;15.16;0.28;1.98;6.94;False;CHEMBL2182240;Inhibition of recombinant BACE1 binding to biotinylated stat-val peptide after 6 mins by octet assay;B;BAO_0000357;single protein format;None;None;None;None;None;CHEMBL4822;Beta-secretase 1;Homo sapiens;SINGLE PROTEIN;CHEMBL2177064;1;Scientific Literature;J. Med. Chem.;2012;None
CHEMBL2011274;;0;212.17;0;2.84;8;Nc1ccc2cc(C(F)(F)F)ccc2n1;Kd;'=';3900000.0;nM;2.41;;;UO_0000065;11.35;0.22;-0.43;6.19;False;CHEMBL2014640;Binding affinity to BACE1 by surface plasmon resonance method;B;BAO_0000357;single protein format;None;None;None;None;None;CHEMBL4822;Beta-secretase 1;Homo sapiens;SINGLE PROTEIN;CHEMBL2010697;1;Scientific Literature;J. Med. Chem.;2012;None
CHEMBL4130015;;0;520.55;1;3.67;15;COc1ccccc1-c1nc(SC(C(N)=O)c2nc(-c3ccc([N+](=O)[O-])cc3)cs2)[nH]c(=O)c1C#N;Kd;;;;;;Not Determined;;;;;;False;CHEMBL4119592;Binding affinity to BACE1 (unknown origin) by SPR method;B;BAO_0000357;single protein format;Homo sapiens;None;None;None;None;CHEMBL4822;Beta-secretase 1;Homo sapiens;SINGLE PROTEIN;CHEMBL4118072;1;Scientific Literature;Eur J Med Chem;2017;None
CHEMBL2011271;;0;218.68;0;2.61;1;N=C(N)SCc1c(F)cccc1Cl;Kd;'=';350000.0;nM;3.46;;;UO_0000065;15.8;0.36;0.85;6.93;False;CHEMBL2014639;Binding affinity to BACE1 by NMR-based differential chemical shift perturbation method;B;BAO_0000357;single protein format;None;None;None;None;None;CHEMBL4822;Beta-secretase 1;Homo sapiens;SINGLE PROTEIN;CHEMBL2010697;1;Scientific Literature;J. Med. Chem.;2012;None
CHEMBL361660;;0;158.2;0;2.13;7;Cc1ccc2nc(N)ccc2c1;Kd;'=';1600000.0;nM;2.8;;;UO_0000065;17.67;0.32;0.67;7.19;False;CHEMBL2014640;Binding affinity to BACE1 by surface plasmon resonance method;B;BAO_0000357;single protein format;None;None;None;None;None;CHEMBL4822;Beta-secretase 1;Homo sapiens;SINGLE PROTEIN;CHEMBL2010697;1;Scientific Literature;J. Med. Chem.;2012;None
CHEMBL1454208;;0;250.66;0;3.13;3;O=C(Nc1ccc(Cl)nc1)c1ccc(F)cc1;Kd;'=';114000.0;nM;3.94;;;UO_0000065;15.73;0.32;0.81;9.39;False;CHEMBL3811214;Binding affinity to BACE1 (unknown origin) by surface plasmon resonance spectroscopic analysis;B;BAO_0000357;single protein format;Homo sapiens;None;None;None;None;CHEMBL4822;Beta-secretase 1;Homo sapiens;SINGLE PROTEIN;CHEMBL3808306;1;Scientific Literature;J. Med. Chem.;2016;None
CHEMBL3809662;;0;488.93;0;4.49;2;NC1=NC2(CO1)c1cc(NC(=O)c3ccc(Cl)cn3)ccc1Oc1ccc(C3=CCCOC3)cc12;Kd;'=';0.6;nM;9.22;;;UO_0000065;18.86;0.36;4.73;8.53;False;CHEMBL3811214;Binding affinity to BACE1 (unknown origin) by surface plasmon resonance spectroscopic analysis;B;BAO_0000357;single protein format;Homo sapiens;None;None;None;None;CHEMBL4822;Beta-secretase 1;Homo sapiens;SINGLE PROTEIN;CHEMBL3808306;1;Scientific Literature;J. Med. Chem.;2016;None
CHEMBL185917;;0;162.17;0;1.96;5;Nc1ccc2cc(F)ccc2n1;Kd;'=';1000000.0;nM;3.0;;;UO_0000065;18.5;0.34;1.04;7.71;False;CHEMBL2014639;Binding affinity to BACE1 by NMR-based differential chemical shift perturbation method;B;BAO_0000357;single protein format;None;None;None;None;None;CHEMBL4822;Beta-secretase 1;Homo sapiens;SINGLE PROTEIN;CHEMBL2010697;1;Scientific Literature;J. Med. Chem.;2012;None
CHEMBL4127672;;0;458.5;0;3.03;40;COc1cccc(-c2nc(SC(C(N)=O)c3nc(-c4ccccc4)c[nH]3)[nH]c(=O)c2C#N)c1;Kd;'=';554.0;nM;6.26;;;UO_0000065;13.65;0.26;3.23;4.16;False;CHEMBL4119592;Binding affinity to BACE1 (unknown origin) by SPR method;B;BAO_0000357;single protein format;Homo sapiens;None;None;None;None;CHEMBL4822;Beta-secretase 1;Homo sapiens;SINGLE PROTEIN;CHEMBL4118072;1;Scientific Literature;Eur J Med Chem;2017;None
CHEMBL4129873;;0;570.63;1;4.96;36;COc1cccc(-c2nc(SC(C(N)=O)c3nc(-c4cccc(-c5cccnc5F)c4)cs3)[nH]c(=O)c2C#N)c1;Kd;'=';1440.0;nM;5.84;;;UO_0000065;10.24;0.2;0.88;3.96;False;CHEMBL4119592;Binding affinity to BACE1 (unknown origin) by SPR method;B;BAO_0000357;single protein format;Homo sapiens;None;None;None;None;CHEMBL4822;Beta-secretase 1;Homo sapiens;SINGLE PROTEIN;CHEMBL4118072;1;Scientific Literature;Eur J Med Chem;2017;None
CHEMBL4128586;;0;559.46;2;5.06;23;COc1cccc(-c2nc(SCC(=O)Nc3nc(-c4cc(Cl)c(N)c(Cl)c4)cs3)[nH]c(=O)c2C#N)c1;Kd;'=';861.0;nM;6.07;;;UO_0000065;10.84;0.23;1.0;4.13;False;CHEMBL4119592;Binding affinity to BACE1 (unknown origin) by SPR method;B;BAO_0000357;single protein format;Homo sapiens;None;None;None;None;CHEMBL4822;Beta-secretase 1;Homo sapiens;SINGLE PROTEIN;CHEMBL4118072;1;Scientific Literature;Eur J Med Chem;2017;None
CHEMBL4126751;;0;520.55;1;3.67;16;COc1cccc(-c2nc(SC(C(N)=O)c3nc(-c4ccc([N+](=O)[O-])cc4)cs3)[nH]c(=O)c2C#N)c1;Kd;'=';1840.0;nM;5.74;;;UO_0000065;11.02;0.22;2.07;3.22;False;CHEMBL4119592;Binding affinity to BACE1 (unknown origin) by SPR method;B;BAO_0000357;single protein format;Homo sapiens;None;None;None;None;CHEMBL4822;Beta-secretase 1;Homo sapiens;SINGLE PROTEIN;CHEMBL4118072;1;Scientific Literature;Eur J Med Chem;2017;None
CHEMBL3808441;;0;590.74;2;6.81;6;CC(C)(C)CCNC(=O)CCc1cc2cc(-c3ccccc3C#CCC3(NC(=O)c4ccc(F)cc4)CC3)ccc2nc1N;Kd;'=';8.0;nM;8.1;;;UO_0000065;13.71;0.25;1.29;8.34;False;CHEMBL3811214;Binding affinity to BACE1 (unknown origin) by surface plasmon resonance spectroscopic analysis;B;BAO_0000357;single protein format;Homo sapiens;None;None;None;None;CHEMBL4822;Beta-secretase 1;Homo sapiens;SINGLE PROTEIN;CHEMBL3808306;1;Scientific Literature;J. Med. Chem.;2016;None
CHEMBL4127062;;0;472.53;0;3.42;41;CCOc1cccc(-c2nc(SC(C(N)=O)c3nc(-c4ccccc4)c[nH]3)[nH]c(=O)c2C#N)c1;Kd;'=';213.0;nM;6.67;;;UO_0000065;14.12;0.27;3.25;4.43;False;CHEMBL4119592;Binding affinity to BACE1 (unknown origin) by SPR method;B;BAO_0000357;single protein format;Homo sapiens;None;None;None;None;CHEMBL4822;Beta-secretase 1;Homo sapiens;SINGLE PROTEIN;CHEMBL4118072;1;Scientific Literature;Eur J Med Chem;2017;None
CHEMBL4128947;;0;475.56;0;3.76;12;COc1cccc(-c2nc(SC(C(N)=O)c3nc(-c4ccccc4)cs3)[nH]c(=O)c2C#N)c1;Kd;'=';2140.0;nM;5.67;;;UO_0000065;11.92;0.23;1.91;4.21;False;CHEMBL4119592;Binding affinity to BACE1 (unknown origin) by SPR method;B;BAO_0000357;single protein format;Homo sapiens;None;None;None;None;CHEMBL4822;Beta-secretase 1;Homo sapiens;SINGLE PROTEIN;CHEMBL4118072;1;Scientific Literature;Eur J Med Chem;2017;None
CHEMBL4126598;;0;554.45;1;4.93;35;COc1cccc(-c2nc(SCC(=O)Nc3nc(-c4cccc(Br)c4)cs3)[nH]c(=O)c2C#N)c1;Kd;'=';1740.0;nM;5.76;;;UO_0000065;10.39;0.23;0.83;4.77;False;CHEMBL4119592;Binding affinity to BACE1 (unknown origin) by SPR method;B;BAO_0000357;single protein format;Homo sapiens;None;None;None;None;CHEMBL4822;Beta-secretase 1;Homo sapiens;SINGLE PROTEIN;CHEMBL4118072;1;Scientific Literature;Eur J Med Chem;2017;None
CHEMBL4127289;;0;520.55;1;3.67;19;COc1cccc(-c2nc(SC(C(N)=O)c3nc(-c4cccc([N+](=O)[O-])c4)cs3)[nH]c(=O)c2C#N)c1;Kd;'=';1750.0;nM;5.76;;;UO_0000065;11.06;0.22;2.09;3.24;False;CHEMBL4119592;Binding affinity to BACE1 (unknown origin) by SPR method;B;BAO_0000357;single protein format;Homo sapiens;None;None;None;None;CHEMBL4822;Beta-secretase 1;Homo sapiens;SINGLE PROTEIN;CHEMBL4118072;1;Scientific Literature;Eur J Med Chem;2017;None
CHEMBL4128727;;0;534.58;1;4.06;22;CCOc1cccc(-c2nc(SC(C(N)=O)c3nc(-c4ccc([N+](=O)[O-])cc4)cs3)[nH]c(=O)c2C#N)c1;Kd;'=';1230.0;nM;5.91;;;UO_0000065;11.06;0.22;1.85;3.32;False;CHEMBL4119592;Binding affinity to BACE1 (unknown origin) by SPR method;B;BAO_0000357;single protein format;Homo sapiens;None;None;None;None;CHEMBL4822;Beta-secretase 1;Homo sapiens;SINGLE PROTEIN;CHEMBL4118072;1;Scientific Literature;Eur J Med Chem;2017;None
CHEMBL4127486;;0;573.49;2;5.45;28;CCOc1cccc(-c2nc(SCC(=O)Nc3nc(-c4cc(Cl)c(N)c(Cl)c4)cs3)[nH]c(=O)c2C#N)c1;Kd;;;;;;Not Determined;;;;;;False;CHEMBL4119592;Binding affinity to BACE1 (unknown origin) by SPR method;B;BAO_0000357;single protein format;Homo sapiens;None;None;None;None;CHEMBL4822;Beta-secretase 1;Homo sapiens;SINGLE PROTEIN;CHEMBL4118072;1;Scientific Literature;Eur J Med Chem;2017;None
CHEMBL4128447;;0;542.41;1;4.33;42;COc1cccc(-c2nc(SCC(=O)Nc3nc(-c4cc(Cl)c(N)c(Cl)c4)c[nH]3)[nH]c(=O)c2C#N)c1;Kd;'=';169.0;nM;6.77;;;UO_0000065;12.49;0.26;2.44;4.17;False;CHEMBL4119592;Binding affinity to BACE1 (unknown origin) by SPR method;B;BAO_0000357;single protein format;Homo sapiens;None;None;None;None;CHEMBL4822;Beta-secretase 1;Homo sapiens;SINGLE PROTEIN;CHEMBL4118072;1;Scientific Literature;Eur J Med Chem;2017;None
CHEMBL4127412;;0;597.43;2;6.07;32;N#Cc1c(-c2cccc(C(F)(F)F)c2)nc(SCC(=O)Nc2nc(-c3cc(Cl)c(N)c(Cl)c3)cs2)[nH]c1=O;Kd;'=';1330.0;nM;5.88;;;UO_0000065;9.84;0.21;-0.19;4.27;False;CHEMBL4119592;Binding affinity to BACE1 (unknown origin) by SPR method;B;BAO_0000357;single protein format;Homo sapiens;None;None;None;None;CHEMBL4822;Beta-secretase 1;Homo sapiens;SINGLE PROTEIN;CHEMBL4118072;1;Scientific Literature;Eur J Med Chem;2017;None
CHEMBL4127550;;0;529.53;1;4.65;33;N#Cc1c(-c2cccc(OC(F)(F)F)c2)nc(SC(C(N)=O)c2nc(-c3ccccc3)cs2)[nH]c1=O;Kd;'=';1880.0;nM;5.73;;;UO_0000065;10.81;0.22;1.08;4.25;False;CHEMBL4119592;Binding affinity to BACE1 (unknown origin) by SPR method;B;BAO_0000357;single protein format;Homo sapiens;None;None;None;None;CHEMBL4822;Beta-secretase 1;Homo sapiens;SINGLE PROTEIN;CHEMBL4118072;1;Scientific Literature;Eur J Med Chem;2017;None
CHEMBL4127986;;0;520.55;1;3.67;18;COc1ccccc1-c1nc(SC(C(N)=O)c2nc(-c3cccc([N+](=O)[O-])c3)cs2)[nH]c(=O)c1C#N;Kd;'=';1430.0;nM;5.84;;;UO_0000065;11.23;0.22;2.17;3.29;False;CHEMBL4119592;Binding affinity to BACE1 (unknown origin) by SPR method;B;BAO_0000357;single protein format;Homo sapiens;None;None;None;None;CHEMBL4822;Beta-secretase 1;Homo sapiens;SINGLE PROTEIN;CHEMBL4118072;1;Scientific Literature;Eur J Med Chem;2017;None
